perturbation_rank,model_name,target,intervention,association_sign,direction_evidence,priority_score,evidence_source_count,affected_pathway_count,affected_pathways,mean_baseline_escape_probability,mean_perturbed_escape_probability,mean_delta_escape_probability,mean_predicted_escape_reduction,median_predicted_escape_reduction,maximum_predicted_escape_reduction,cells_with_reduced_escape_probability,fraction_cells_with_reduced_escape_probability,perturbation_strength,confidence_score,intervention_score,predicted_effect,rap_effect_fraction
1,rap_plus_pathways,HMGB2,inhibit,1.0,differential_expression_effect,0.7573902312818401,3.0,1,E2F Targets,0.40940627470332364,0.3292886560830856,-0.08011761862023804,0.08011761862023804,0.084164482388362,0.15745372267209717,79508,1.0,0.25,0.57869511564092,0.04636367457231378,predicted_suppression,0.1
2,rap_plus_pathways,RRM2,inhibit,1.0,differential_expression_effect,0.6884224623231245,2.0,1,E2F Targets,0.40940627470332364,0.3292886560830856,-0.08011761862023804,0.08011761862023804,0.084164482388362,0.15745372267209717,79508,1.0,0.25,0.5108778978282289,0.04093032057971098,predicted_suppression,0.1
3,rap_plus_pathways,GINS1,inhibit,1.0,differential_expression_effect,0.6352045905748,2.0,1,E2F Targets,0.40940627470332364,0.3292886560830856,-0.08011761862023804,0.08011761862023804,0.084164482388362,0.15745372267209717,79508,1.0,0.25,0.48426896195406666,0.03879847600345448,predicted_suppression,0.1
4,rap_plus_pathways,MELK,inhibit,1.0,differential_expression_effect,0.5980906638233262,2.0,1,E2F Targets,0.40940627470332364,0.3292886560830856,-0.08011761862023804,0.08011761862023804,0.084164482388362,0.15745372267209717,79508,1.0,0.25,0.46571199857832973,0.037311736288967466,predicted_suppression,0.1
5,rap_plus_pathways,KRT80,activate,-1.0,differential_expression_effect,0.6995790414627282,2.0,1,Keratinization R-HSA-6805567,0.40940627470332364,0.38876228818023645,-0.020643986523087146,0.020643986523087146,0.020956750461475604,0.04120457794181781,79508,1.0,0.25,0.5164561873980308,0.010661714572409917,predicted_suppression,0.1
6,rap_plus_pathways,IVL,activate,-1.0,differential_expression_effect,0.6192567491510668,2.0,1,Keratinization R-HSA-6805567,0.40940627470332364,0.38876228818023645,-0.020643986523087146,0.020643986523087146,0.020956750461475604,0.04120457794181781,79508,1.0,0.25,0.4762950412422,0.009832628412417213,predicted_suppression,0.1
7,rap_plus_pathways,CLU,activate,-1.0,differential_expression_effect,0.7603539739481504,2.0,0,,0.40940627470332364,0.39835861205869755,-0.011047662644626081,0.011047662644626081,0.011151424343233393,0.02211129146205909,79508,1.0,0.25,0.44684365364074186,0.004936577940315059,predicted_suppression,0.1
8,rap_plus_pathways,BCAS1,activate,-1.0,differential_expression_effect,0.6837812817613224,3.0,0,,0.40940627470332364,0.39835861205869755,-0.011047662644626081,0.011047662644626081,0.011151424343233393,0.02211129146205909,79508,1.0,0.25,0.4418906408806612,0.0048818587262671595,predicted_suppression,0.1
9,rap_plus_pathways,MYO1B,activate,-1.0,differential_expression_effect,0.7054155897786791,2.0,0,,0.40940627470332364,0.39835861205869755,-0.011047662644626081,0.011047662644626081,0.011151424343233393,0.02211129146205909,79508,1.0,0.25,0.4193744615560062,0.004633107573042467,predicted_suppression,0.1
10,rap_plus_pathways,H4C3,inhibit,1.0,differential_expression_effect,0.705187779578552,2.0,0,,0.40940627470332364,0.39835861205869755,-0.011047662644626081,0.011047662644626081,0.011151424343233393,0.02211129146205909,79508,1.0,0.25,0.4192605564559427,0.004631849187923462,predicted_suppression,0.1
11,rap_plus_pathways,PHGDH,inhibit,1.0,differential_expression_effect,0.7003715177248218,2.0,0,,0.40940627470332364,0.39835861205869755,-0.011047662644626081,0.011047662644626081,0.011151424343233393,0.02211129146205909,79508,1.0,0.25,0.41685242552907753,0.004605244969839366,predicted_suppression,0.1
12,rap_plus_pathways,SDC2,activate,-1.0,differential_expression_effect,0.6971779366564773,2.0,0,,0.40940627470332364,0.39835861205869755,-0.011047662644626081,0.011047662644626081,0.011151424343233393,0.02211129146205909,79508,1.0,0.25,0.4152556349949053,0.004587604166703698,predicted_suppression,0.1
13,rap_plus_pathways,DHTKD1,inhibit,1.0,differential_expression_effect,0.6908306961041671,2.0,0,,0.40940627470332364,0.39835861205869755,-0.011047662644626081,0.011047662644626081,0.011151424343233393,0.02211129146205909,79508,1.0,0.25,0.4120820147187502,0.004552543080530592,predicted_suppression,0.1
14,rap_plus_pathways,NUDT3,inhibit,1.0,differential_expression_effect,0.6882075072090454,2.0,0,,0.40940627470332364,0.39835861205869755,-0.011047662644626081,0.011047662644626081,0.011151424343233393,0.02211129146205909,79508,1.0,0.25,0.4107704202711894,0.004538053027547375,predicted_suppression,0.1
15,rap_plus_pathways,ZWINT,inhibit,1.0,differential_expression_effect,0.6869889853380513,2.0,0,,0.40940627470332364,0.39835861205869755,-0.011047662644626081,0.011047662644626081,0.011151424343233393,0.02211129146205909,79508,1.0,0.25,0.4101611593356923,0.004531322118269454,predicted_suppression,0.1
16,rap_plus_pathways,YBX2,inhibit,1.0,differential_expression_effect,0.6835576591719393,2.0,0,,0.40940627470332364,0.39835861205869755,-0.011047662644626081,0.011047662644626081,0.011151424343233393,0.02211129146205909,79508,1.0,0.25,0.4084454962526363,0.004512368051316012,predicted_suppression,0.1
17,rap_plus_pathways,ARHGAP11A,inhibit,1.0,differential_expression_effect,0.6796115438135014,2.0,0,,0.40940627470332364,0.39835861205869755,-0.011047662644626081,0.011047662644626081,0.011151424343233393,0.02211129146205909,79508,1.0,0.25,0.40647243857341736,0.004490570375697612,predicted_suppression,0.1
18,rap_plus_pathways,NUF2,inhibit,1.0,differential_expression_effect,0.6675860052084984,2.0,0,,0.40940627470332364,0.39835861205869755,-0.011047662644626081,0.011047662644626081,0.011151424343233393,0.02211129146205909,79508,1.0,0.25,0.40045966927091586,0.004424143328883612,predicted_suppression,0.1
19,rap_plus_pathways,FBXO17,inhibit,1.0,differential_expression_effect,0.6531246883732527,2.0,0,,0.40940627470332364,0.39835861205869755,-0.011047662644626081,0.011047662644626081,0.011151424343233393,0.02211129146205909,79508,1.0,0.25,0.393229010853293,0.004344261453987188,predicted_suppression,0.1
20,rap_plus_pathways,NCF2,activate,-1.0,differential_expression_effect,0.6524182021795357,2.0,0,,0.40940627470332364,0.39835861205869755,-0.011047662644626081,0.011047662644626081,0.011151424343233393,0.02211129146205909,79508,1.0,0.25,0.3928757677564345,0.0043403589434215534,predicted_suppression,0.1
21,rap_plus_pathways,KIF14,inhibit,1.0,differential_expression_effect,0.6503130591297537,2.0,0,,0.40940627470332364,0.39835861205869755,-0.011047662644626081,0.011047662644626081,0.011151424343233393,0.02211129146205909,79508,1.0,0.25,0.3918231962315435,0.004328730488305218,predicted_suppression,0.1
22,rap_plus_pathways,ENC1,activate,-1.0,differential_expression_effect,0.6496829350893555,2.0,0,,0.40940627470332364,0.39835861205869755,-0.011047662644626081,0.011047662644626081,0.011151424343233393,0.02211129146205909,79508,1.0,0.25,0.3915081342113444,0.004325249789393924,predicted_suppression,0.1
23,rap_plus_pathways,H4C8,activate,-1.0,differential_expression_effect,0.6461169056612761,2.0,0,,0.40940627470332364,0.39835861205869755,-0.011047662644626081,0.011047662644626081,0.011151424343233393,0.02211129146205909,79508,1.0,0.25,0.3897251194973047,0.004305551644342809,predicted_suppression,0.1
24,rap_plus_pathways,NCAPH,inhibit,1.0,differential_expression_effect,0.6304158464734002,2.0,0,,0.40940627470332364,0.39835861205869755,-0.011047662644626081,0.011047662644626081,0.011151424343233393,0.02211129146205909,79508,1.0,0.25,0.38187458990336676,0.004218821641807329,predicted_suppression,0.1
25,rap_plus_pathways,RND1,activate,-1.0,differential_expression_effect,0.625772321910648,2.0,0,,0.40940627470332364,0.39835861205869755,-0.011047662644626081,0.011047662644626081,0.011151424343233393,0.02211129146205909,79508,1.0,0.25,0.37955282762199066,0.004193171595381668,predicted_suppression,0.1
26,rap_plus_pathways,KIF20A,inhibit,1.0,differential_expression_effect,0.6085210341331331,2.0,0,,0.40940627470332364,0.39835861205869755,-0.011047662644626081,0.011047662644626081,0.011151424343233393,0.02211129146205909,79508,1.0,0.25,0.3709271837332332,0.004097878391605995,predicted_suppression,0.1
27,rap_plus_pathways,SYTL2,activate,-1.0,differential_expression_effect,0.607813155021956,2.0,0,,0.40940627470332364,0.39835861205869755,-0.011047662644626081,0.011047662644626081,0.011151424343233393,0.02211129146205909,79508,1.0,0.25,0.37057324417764465,0.004093968186799264,predicted_suppression,0.1
28,rap_plus_pathways,GPRC5A,activate,-1.0,differential_expression_effect,0.6065401780514027,2.0,0,,0.40940627470332364,0.39835861205869755,-0.011047662644626081,0.011047662644626081,0.011151424343233393,0.02211129146205909,79508,1.0,0.25,0.369936755692368,0.004086936476736739,predicted_suppression,0.1
29,rap_plus_pathways,ANXA1,activate,-1.0,differential_expression_effect,0.6065387251303759,2.0,0,,0.40940627470332364,0.39835861205869755,-0.011047662644626081,0.011047662644626081,0.011151424343233393,0.02211129146205909,79508,1.0,0.25,0.3699360292318546,0.004086928451046062,predicted_suppression,0.1
30,rap_plus_pathways,GAS2L3,inhibit,1.0,differential_expression_effect,0.6053413605080713,2.0,0,,0.40940627470332364,0.39835861205869755,-0.011047662644626081,0.011047662644626081,0.011151424343233393,0.02211129146205909,79508,1.0,0.25,0.3693373469207023,0.0040803144108411465,predicted_suppression,0.1
31,rap_plus_pathways,MACC1,activate,-1.0,differential_expression_effect,0.5963635313460357,2.0,0,,0.40940627470332364,0.39835861205869755,-0.011047662644626081,0.011047662644626081,0.011151424343233393,0.02211129146205909,79508,1.0,0.25,0.3648484323396845,0.004030722396909519,predicted_suppression,0.1
32,rap_plus_pathways,IFI6,activate,-1.0,differential_expression_effect,0.8147518270098308,3.0,1,Interferon Alpha/Beta Signaling R-HSA-909733,0.40940627470332364,0.4438603561732891,0.034454081469965536,-0.034454081469965536,-0.034044160300573986,-3.7797456256277215e-10,0,0.0,0.25,0.6073759135049154,-0.020926579206793094,predicted_worsening,0.1
33,rap_plus_pathways,ISG15,activate,-1.0,differential_expression_effect,0.6665757308663266,2.0,3,Interferon Alpha Response;Interferon Alpha/Beta Signaling R-HSA-909733;Interferon Gamma Response,0.40940627470332364,0.4722366476474381,0.06283037294411453,-0.06283037294411453,-0.061306569237273345,-7.915803424378625e-10,0,0.0,0.25,0.6999545320998299,-0.0439784042957555,predicted_worsening,0.1
34,rap_plus_pathways,IFI27,activate,-1.0,differential_expression_effect,0.6117934528541784,3.0,3,Interferon Alpha Response;Interferon Alpha/Beta Signaling R-HSA-909733;Interferon Gamma Response,0.40940627470332364,0.4722366476474381,0.06283037294411453,-0.06283037294411453,-0.061306569237273345,-7.915803424378625e-10,0,0.0,0.25,0.7058967264270891,-0.044351754581443595,predicted_worsening,0.1
35,rap_plus_pathways,AURKB,inhibit,1.0,differential_expression_effect,0.6030594551555394,2.0,2,E2F Targets;G2-M Checkpoint,0.40940627470332364,0.5733842166025132,0.16397794189918952,-0.16397794189918952,-0.1557661587587074,-3.708836470424046e-09,0,0.0,0.25,0.5681963942444364,-0.09317167532274316,predicted_worsening,0.1
36,rap_plus_pathways,CDC20,inhibit,1.0,differential_expression_effect,0.6363605104807625,2.0,2,E2F Targets;G2-M Checkpoint,0.40940627470332364,0.5733842166025132,0.16397794189918952,-0.16397794189918952,-0.1557661587587074,-3.708836470424046e-09,0,0.0,0.25,0.5848469219070479,-0.09590199458039372,predicted_worsening,0.1
37,rap_plus_pathways,PLK1,inhibit,1.0,differential_expression_effect,0.6453224467779706,2.0,2,E2F Targets;G2-M Checkpoint,0.40940627470332364,0.5733842166025132,0.16397794189918952,-0.16397794189918952,-0.1557661587587074,-3.708836470424046e-09,0,0.0,0.25,0.5893278900556519,-0.09663677451511764,predicted_worsening,0.1
38,rap_plus_pathways,H2AZ1,inhibit,1.0,differential_expression_effect,0.6153880489342868,3.0,2,E2F Targets;G2-M Checkpoint,0.40940627470332364,0.5733842166025132,0.16397794189918952,-0.16397794189918952,-0.1557661587587074,-3.708836470424046e-09,0,0.0,0.25,0.6076940244671434,-0.09964841543655789,predicted_worsening,0.1
39,rap_plus_pathways,CKS1B,inhibit,1.0,differential_expression_effect,0.6875863313758503,2.0,2,E2F Targets;G2-M Checkpoint,0.40940627470332364,0.5733842166025132,0.16397794189918952,-0.16397794189918952,-0.1557661587587074,-3.708836470424046e-09,0,0.0,0.25,0.6104598323545918,-0.10010194692163023,predicted_worsening,0.1
40,rap_plus_pathways,LMNB1,inhibit,1.0,differential_expression_effect,0.6887235532582613,2.0,2,E2F Targets;G2-M Checkpoint,0.40940627470332364,0.5733842166025132,0.16397794189918952,-0.16397794189918952,-0.1557661587587074,-3.708836470424046e-09,0,0.0,0.25,0.6110284432957973,-0.10019518657351047,predicted_worsening,0.1
41,rap_plus_pathways,UBE2C,inhibit,1.0,differential_expression_effect,0.6201602651399948,2.0,1,G2-M Checkpoint,0.40940627470332364,0.6280939205604636,0.21868764585713998,-0.21868764585713998,-0.20728917667441765,-7.257679764618841e-09,0,0.0,0.25,0.476746799236664,-0.1042586351949926,predicted_worsening,0.1
42,rap_plus_pathways,KNL1,inhibit,1.0,differential_expression_effect,0.6242033036182136,2.0,1,G2-M Checkpoint,0.40940627470332364,0.6280939205604636,0.21868764585713998,-0.21868764585713998,-0.20728917667441765,-7.257679764618841e-09,0,0.0,0.25,0.47876831847577345,-0.10470071647844835,predicted_worsening,0.1
43,rap_plus_pathways,PBK,inhibit,1.0,differential_expression_effect,0.6421132486951168,2.0,1,G2-M Checkpoint,0.40940627470332364,0.6280939205604636,0.21868764585713998,-0.21868764585713998,-0.20728917667441765,-7.257679764618841e-09,0,0.0,0.25,0.487723291014225,-0.10665905834159767,predicted_worsening,0.1
44,rap_plus_pathways,MKI67,inhibit,1.0,differential_expression_effect,0.6708860019200854,4.0,2,E2F Targets;G2-M Checkpoint,0.40940627470332364,0.5733842166025132,0.16397794189918952,-0.16397794189918952,-0.1557661587587074,-3.708836470424046e-09,0,0.0,0.25,0.668776334293376,-0.10966456688831216,predicted_worsening,0.1
45,rap_plus_pathways,CCNA2,inhibit,1.0,differential_expression_effect,0.6722182796119277,2.0,1,G2-M Checkpoint,0.40940627470332364,0.6280939205604636,0.21868764585713998,-0.21868764585713998,-0.20728917667441765,-7.257679764618841e-09,0,0.0,0.25,0.5027758064726305,-0.10995085751142458,predicted_worsening,0.1
46,rap_plus_pathways,KIF11,inhibit,1.0,differential_expression_effect,0.6880991043016356,2.0,1,G2-M Checkpoint,0.40940627470332364,0.6280939205604636,0.21868764585713998,-0.21868764585713998,-0.20728917667441765,-7.257679764618841e-09,0,0.0,0.25,0.5107162188174844,-0.11168732759425565,predicted_worsening,0.1
47,rap_plus_pathways,PRC1,inhibit,1.0,differential_expression_effect,0.6915602903572053,2.0,1,G2-M Checkpoint,0.40940627470332364,0.6280939205604636,0.21868764585713998,-0.21868764585713998,-0.20728917667441765,-7.257679764618841e-09,0,0.0,0.25,0.5124468118452693,-0.1120657869094387,predicted_worsening,0.1
48,rap_plus_pathways,TOP2A,inhibit,1.0,differential_expression_effect,0.7809166065664604,4.0,2,E2F Targets;G2-M Checkpoint,0.40940627470332364,0.5733842166025132,0.16397794189918952,-0.16397794189918952,-0.1557661587587074,-3.708836470424046e-09,0,0.0,0.25,0.7237916366165635,-0.11868586293623015,predicted_worsening,0.1
49,rap_plus_pathways,E2F1,inhibit,1.0,transition_model_effect,0.6874416343554115,3.0,1,G2-M Checkpoint,0.40940627470332364,0.6280939205604636,0.21868764585713998,-0.21868764585713998,-0.20728917667441765,-7.257679764618841e-09,0,0.0,0.25,0.5437208171777057,-0.11890502551211286,predicted_worsening,0.1
50,rap_plus_pathways,CENPF,inhibit,1.0,differential_expression_effect,0.6703024014578206,4.0,1,G2-M Checkpoint,0.40940627470332364,0.6280939205604636,0.21868764585713998,-0.21868764585713998,-0.20728917667441765,-7.257679764618841e-09,0,0.0,0.25,0.5684845340622436,-0.12432054446026516,predicted_worsening,0.1
1,rap_plus_pathways,HMGB2,inhibit,1.0,differential_expression_effect,0.7573902312818401,3.0,1,E2F Targets,0.40940627470332364,0.31256175866788,-0.09684451603544363,0.09684451603544363,0.1028583598741965,0.18962384149915978,79508,1.0,0.25,0.57869511564092,0.05604344840631998,predicted_suppression,0.25
2,rap_plus_pathways,RRM2,inhibit,1.0,differential_expression_effect,0.6884224623231245,2.0,1,E2F Targets,0.40940627470332364,0.31256175866788,-0.09684451603544363,0.09684451603544363,0.1028583598741965,0.18962384149915978,79508,1.0,0.25,0.5108778978282289,0.049475722768379644,predicted_suppression,0.25
3,rap_plus_pathways,GINS1,inhibit,1.0,differential_expression_effect,0.6352045905748,2.0,1,E2F Targets,0.40940627470332364,0.31256175866788,-0.09684451603544363,0.09684451603544363,0.1028583598741965,0.18962384149915978,79508,1.0,0.25,0.48426896195406666,0.04689879325142825,predicted_suppression,0.25
4,rap_plus_pathways,MELK,inhibit,1.0,differential_expression_effect,0.5980906638233262,2.0,1,E2F Targets,0.40940627470332364,0.31256175866788,-0.09684451603544363,0.09684451603544363,0.1028583598741965,0.18962384149915978,79508,1.0,0.25,0.46571199857832973,0.04510165311421755,predicted_suppression,0.25
5,rap_plus_pathways,KRT80,activate,-1.0,differential_expression_effect,0.6995790414627282,2.0,1,Keratinization R-HSA-6805567,0.40940627470332364,0.3720258069735976,-0.03738046772972602,0.03738046772972602,0.03824783579195029,0.07426328987624853,79508,1.0,0.25,0.5164561873980308,0.019305373846849425,predicted_suppression,0.25
6,rap_plus_pathways,IVL,activate,-1.0,differential_expression_effect,0.6192567491510668,2.0,1,Keratinization R-HSA-6805567,0.40940627470332364,0.3720258069735976,-0.03738046772972602,0.03738046772972602,0.03824783579195029,0.07426328987624853,79508,1.0,0.25,0.4762950412422,0.017804131418982582,predicted_suppression,0.25
7,rap_plus_pathways,CLU,activate,-1.0,differential_expression_effect,0.7603539739481504,2.0,0,,0.40940627470332364,0.38167969281352704,-0.027726581889796556,0.027726581889796556,0.02822382447208653,0.055230976961823885,79508,1.0,0.25,0.44684365364074186,0.012389447154605918,predicted_suppression,0.25
8,rap_plus_pathways,BCAS1,activate,-1.0,differential_expression_effect,0.6837812817613224,3.0,0,,0.40940627470332364,0.38167969281352704,-0.027726581889796556,0.027726581889796556,0.02822382447208653,0.055230976961823885,79508,1.0,0.25,0.4418906408806612,0.012252117040712334,predicted_suppression,0.25
9,rap_plus_pathways,MYO1B,activate,-1.0,differential_expression_effect,0.7054155897786791,2.0,0,,0.40940627470332364,0.38167969281352704,-0.027726581889796556,0.027726581889796556,0.02822382447208653,0.055230976961823885,79508,1.0,0.25,0.4193744615560062,0.011627820350821943,predicted_suppression,0.25
10,rap_plus_pathways,H4C3,inhibit,1.0,differential_expression_effect,0.705187779578552,2.0,0,,0.40940627470332364,0.38167969281352704,-0.027726581889796556,0.027726581889796556,0.02822382447208653,0.055230976961823885,79508,1.0,0.25,0.4192605564559427,0.011624662151737367,predicted_suppression,0.25
11,rap_plus_pathways,PHGDH,inhibit,1.0,differential_expression_effect,0.7003715177248218,2.0,0,,0.40940627470332364,0.38167969281352704,-0.027726581889796556,0.027726581889796556,0.02822382447208653,0.055230976961823885,79508,1.0,0.25,0.41685242552907753,0.011557892912392289,predicted_suppression,0.25
12,rap_plus_pathways,SDC2,activate,-1.0,differential_expression_effect,0.6971779366564773,2.0,0,,0.40940627470332364,0.38167969281352704,-0.027726581889796556,0.027726581889796556,0.02822382447208653,0.055230976961823885,79508,1.0,0.25,0.4152556349949053,0.011513619368885711,predicted_suppression,0.25
13,rap_plus_pathways,DHTKD1,inhibit,1.0,differential_expression_effect,0.6908306961041671,2.0,0,,0.40940627470332364,0.38167969281352704,-0.027726581889796556,0.027726581889796556,0.02822382447208653,0.055230976961823885,79508,1.0,0.25,0.4120820147187502,0.011425625726411778,predicted_suppression,0.25
14,rap_plus_pathways,NUDT3,inhibit,1.0,differential_expression_effect,0.6882075072090454,2.0,0,,0.40940627470332364,0.38167969281352704,-0.027726581889796556,0.027726581889796556,0.02822382447208653,0.055230976961823885,79508,1.0,0.25,0.4107704202711894,0.011389259695555279,predicted_suppression,0.25
15,rap_plus_pathways,ZWINT,inhibit,1.0,differential_expression_effect,0.6869889853380513,2.0,0,,0.40940627470332364,0.38167969281352704,-0.027726581889796556,0.027726581889796556,0.02822382447208653,0.055230976961823885,79508,1.0,0.25,0.4101611593356923,0.011372366972334966,predicted_suppression,0.25
16,rap_plus_pathways,YBX2,inhibit,1.0,differential_expression_effect,0.6835576591719393,2.0,0,,0.40940627470332364,0.38167969281352704,-0.027726581889796556,0.027726581889796556,0.02822382447208653,0.055230976961823885,79508,1.0,0.25,0.4084454962526363,0.011324797499367312,predicted_suppression,0.25
17,rap_plus_pathways,ARHGAP11A,inhibit,1.0,differential_expression_effect,0.6796115438135014,2.0,0,,0.40940627470332364,0.38167969281352704,-0.027726581889796556,0.027726581889796556,0.02822382447208653,0.055230976961823885,79508,1.0,0.25,0.40647243857341736,0.011270091354051158,predicted_suppression,0.25
18,rap_plus_pathways,NUF2,inhibit,1.0,differential_expression_effect,0.6675860052084984,2.0,0,,0.40940627470332364,0.38167969281352704,-0.027726581889796556,0.027726581889796556,0.02822382447208653,0.055230976961823885,79508,1.0,0.25,0.40045966927091586,0.011103377813600894,predicted_suppression,0.25
19,rap_plus_pathways,FBXO17,inhibit,1.0,differential_expression_effect,0.6531246883732527,2.0,0,,0.40940627470332364,0.38167969281352704,-0.027726581889796556,0.027726581889796556,0.02822382447208653,0.055230976961823885,79508,1.0,0.25,0.393229010853293,0.010902896370867526,predicted_suppression,0.25
20,rap_plus_pathways,NCF2,activate,-1.0,differential_expression_effect,0.6524182021795357,2.0,0,,0.40940627470332364,0.38167969281352704,-0.027726581889796556,0.027726581889796556,0.02822382447208653,0.055230976961823885,79508,1.0,0.25,0.3928757677564345,0.010893102147215474,predicted_suppression,0.25
21,rap_plus_pathways,KIF14,inhibit,1.0,differential_expression_effect,0.6503130591297537,2.0,0,,0.40940627470332364,0.38167969281352704,-0.027726581889796556,0.027726581889796556,0.02822382447208653,0.055230976961823885,79508,1.0,0.25,0.3918231962315435,0.010863917936635716,predicted_suppression,0.25
22,rap_plus_pathways,ENC1,activate,-1.0,differential_expression_effect,0.6496829350893555,2.0,0,,0.40940627470332364,0.38167969281352704,-0.027726581889796556,0.027726581889796556,0.02822382447208653,0.055230976961823885,79508,1.0,0.25,0.3915081342113444,0.010855182343732301,predicted_suppression,0.25
23,rap_plus_pathways,H4C8,activate,-1.0,differential_expression_effect,0.6461169056612761,2.0,0,,0.40940627470332364,0.38167969281352704,-0.027726581889796556,0.027726581889796556,0.02822382447208653,0.055230976961823885,79508,1.0,0.25,0.3897251194973047,0.010805745440252767,predicted_suppression,0.25
24,rap_plus_pathways,NCAPH,inhibit,1.0,differential_expression_effect,0.6304158464734002,2.0,0,,0.40940627470332364,0.38167969281352704,-0.027726581889796556,0.027726581889796556,0.02822382447208653,0.055230976961823885,79508,1.0,0.25,0.38187458990336676,0.010588077088588176,predicted_suppression,0.25
25,rap_plus_pathways,RND1,activate,-1.0,differential_expression_effect,0.625772321910648,2.0,0,,0.40940627470332364,0.38167969281352704,-0.027726581889796556,0.027726581889796556,0.02822382447208653,0.055230976961823885,79508,1.0,0.25,0.37955282762199066,0.01052370255656496,predicted_suppression,0.25
26,rap_plus_pathways,KIF20A,inhibit,1.0,differential_expression_effect,0.6085210341331331,2.0,0,,0.40940627470332364,0.38167969281352704,-0.027726581889796556,0.027726581889796556,0.02822382447208653,0.055230976961823885,79508,1.0,0.25,0.3709271837332332,0.010284542934931104,predicted_suppression,0.25
27,rap_plus_pathways,SYTL2,activate,-1.0,differential_expression_effect,0.607813155021956,2.0,0,,0.40940627470332364,0.38167969281352704,-0.027726581889796556,0.027726581889796556,0.02822382447208653,0.055230976961823885,79508,1.0,0.25,0.37057324417764465,0.010274729400859038,predicted_suppression,0.25
28,rap_plus_pathways,GPRC5A,activate,-1.0,differential_expression_effect,0.6065401780514027,2.0,0,,0.40940627470332364,0.38167969281352704,-0.027726581889796556,0.027726581889796556,0.02822382447208653,0.055230976961823885,79508,1.0,0.25,0.369936755692368,0.010257081750750104,predicted_suppression,0.25
29,rap_plus_pathways,ANXA1,activate,-1.0,differential_expression_effect,0.6065387251303759,2.0,0,,0.40940627470332364,0.38167969281352704,-0.027726581889796556,0.027726581889796556,0.02822382447208653,0.055230976961823885,79508,1.0,0.25,0.3699360292318546,0.010257061608483189,predicted_suppression,0.25
30,rap_plus_pathways,GAS2L3,inhibit,1.0,differential_expression_effect,0.6053413605080713,2.0,0,,0.40940627470332364,0.38167969281352704,-0.027726581889796556,0.027726581889796556,0.02822382447208653,0.055230976961823885,79508,1.0,0.25,0.3693373469207023,0.010240462194357052,predicted_suppression,0.25
31,rap_plus_pathways,MACC1,activate,-1.0,differential_expression_effect,0.5963635313460357,2.0,0,,0.40940627470332364,0.38167969281352704,-0.027726581889796556,0.027726581889796556,0.02822382447208653,0.055230976961823885,79508,1.0,0.25,0.3648484323396845,0.010115999936630161,predicted_suppression,0.25
32,rap_plus_pathways,IFI6,activate,-1.0,differential_expression_effect,0.8147518270098308,3.0,1,Interferon Alpha/Beta Signaling R-HSA-909733,0.40940627470332364,0.4276416022805129,0.018235327577189223,-0.018235327577189223,-0.018138777963173217,-1.856534230959228e-10,0,0.0,0.25,0.6073759135049154,-0.01107569874525668,predicted_worsening,0.25
33,rap_plus_pathways,ISG15,activate,-1.0,differential_expression_effect,0.6665757308663266,2.0,3,Interferon Alpha Response;Interferon Alpha/Beta Signaling R-HSA-909733;Interferon Gamma Response,0.40940627470332364,0.4564347225473885,0.047028447844064916,-0.047028447844064916,-0.04619151980987224,-5.478633390631164e-10,0,0.0,0.25,0.6999545320998299,-0.03291777520607372,predicted_worsening,0.25
34,rap_plus_pathways,IFI27,activate,-1.0,differential_expression_effect,0.6117934528541784,3.0,3,Interferon Alpha Response;Interferon Alpha/Beta Signaling R-HSA-909733;Interferon Gamma Response,0.40940627470332364,0.4564347225473885,0.047028447844064916,-0.047028447844064916,-0.04619151980987224,-5.478633390631164e-10,0,0.0,0.25,0.7058967264270891,-0.03319722738207252,predicted_worsening,0.25
35,rap_plus_pathways,AURKB,inhibit,1.0,differential_expression_effect,0.6030594551555394,2.0,2,E2F Targets;G2-M Checkpoint,0.40940627470332364,0.5594657219140116,0.15005944721068792,-0.15005944721068792,-0.1431460940150815,-3.1026126893481226e-09,0,0.0,0.25,0.5681963942444364,-0.08526323682742622,predicted_worsening,0.25
36,rap_plus_pathways,CDC20,inhibit,1.0,differential_expression_effect,0.6363605104807625,2.0,2,E2F Targets;G2-M Checkpoint,0.40940627470332364,0.5594657219140116,0.15005944721068792,-0.15005944721068792,-0.1431460940150815,-3.1026126893481226e-09,0,0.0,0.25,0.5848469219070479,-0.08776180580424398,predicted_worsening,0.25
37,rap_plus_pathways,PLK1,inhibit,1.0,differential_expression_effect,0.6453224467779706,2.0,2,E2F Targets;G2-M Checkpoint,0.40940627470332364,0.5594657219140116,0.15005944721068792,-0.15005944721068792,-0.1431460940150815,-3.1026126893481226e-09,0,0.0,0.25,0.5893278900556519,-0.08843421740759219,predicted_worsening,0.25
38,rap_plus_pathways,H2AZ1,inhibit,1.0,differential_expression_effect,0.6153880489342868,3.0,2,E2F Targets;G2-M Checkpoint,0.40940627470332364,0.5594657219140116,0.15005944721068792,-0.15005944721068792,-0.1431460940150815,-3.1026126893481226e-09,0,0.0,0.25,0.6076940244671434,-0.0911902293847778,predicted_worsening,0.25
39,rap_plus_pathways,CKS1B,inhibit,1.0,differential_expression_effect,0.6875863313758503,2.0,2,E2F Targets;G2-M Checkpoint,0.40940627470332364,0.5594657219140116,0.15005944721068792,-0.15005944721068792,-0.1431460940150815,-3.1026126893481226e-09,0,0.0,0.25,0.6104598323545918,-0.09160526498745926,predicted_worsening,0.25
40,rap_plus_pathways,LMNB1,inhibit,1.0,differential_expression_effect,0.6887235532582613,2.0,2,E2F Targets;G2-M Checkpoint,0.40940627470332364,0.5594657219140116,0.15005944721068792,-0.15005944721068792,-0.1431460940150815,-3.1026126893481226e-09,0,0.0,0.25,0.6110284432957973,-0.09169059043097452,predicted_worsening,0.25
41,rap_plus_pathways,UBE2C,inhibit,1.0,differential_expression_effect,0.6201602651399948,2.0,1,G2-M Checkpoint,0.40940627470332364,0.6151796530936453,0.20577337839032178,-0.20577337839032178,-0.19479597087760087,-6.210466340049312e-09,0,0.0,0.25,0.476746799236664,-0.09810179951570083,predicted_worsening,0.25
42,rap_plus_pathways,KNL1,inhibit,1.0,differential_expression_effect,0.6242033036182136,2.0,1,G2-M Checkpoint,0.40940627470332364,0.6151796530936453,0.20577337839032178,-0.20577337839032178,-0.19479597087760087,-6.210466340049312e-09,0,0.0,0.25,0.47876831847577345,-0.09851777435901342,predicted_worsening,0.25
43,rap_plus_pathways,MKI67,inhibit,1.0,differential_expression_effect,0.6708860019200854,4.0,2,E2F Targets;G2-M Checkpoint,0.40940627470332364,0.5594657219140116,0.15005944721068792,-0.15005944721068792,-0.1431460940150815,-3.1026126893481226e-09,0,0.0,0.25,0.668776334293376,-0.10035620703165424,predicted_worsening,0.25
44,rap_plus_pathways,PBK,inhibit,1.0,differential_expression_effect,0.6421132486951168,2.0,1,G2-M Checkpoint,0.40940627470332364,0.6151796530936453,0.20577337839032178,-0.20577337839032178,-0.19479597087760087,-6.210466340049312e-09,0,0.0,0.25,0.487723291014225,-0.10036046931164315,predicted_worsening,0.25
45,rap_plus_pathways,CCNA2,inhibit,1.0,differential_expression_effect,0.6722182796119277,2.0,1,G2-M Checkpoint,0.40940627470332364,0.6151796530936453,0.20577337839032178,-0.20577337839032178,-0.19479597087760087,-6.210466340049312e-09,0,0.0,0.25,0.5027758064726305,-0.1034578762707918,predicted_worsening,0.25
46,rap_plus_pathways,KIF11,inhibit,1.0,differential_expression_effect,0.6880991043016356,2.0,1,G2-M Checkpoint,0.40940627470332364,0.6151796530936453,0.20577337839032178,-0.20577337839032178,-0.19479597087760087,-6.210466340049312e-09,0,0.0,0.25,0.5107162188174844,-0.10509180174480459,predicted_worsening,0.25
47,rap_plus_pathways,PRC1,inhibit,1.0,differential_expression_effect,0.6915602903572053,2.0,1,G2-M Checkpoint,0.40940627470332364,0.6151796530936453,0.20577337839032178,-0.20577337839032178,-0.19479597087760087,-6.210466340049312e-09,0,0.0,0.25,0.5124468118452693,-0.10544791171875063,predicted_worsening,0.25
48,rap_plus_pathways,TOP2A,inhibit,1.0,differential_expression_effect,0.7809166065664604,4.0,2,E2F Targets;G2-M Checkpoint,0.40940627470332364,0.5594657219140116,0.15005944721068792,-0.15005944721068792,-0.1431460940150815,-3.1026126893481226e-09,0,0.0,0.25,0.7237916366165635,-0.10861177288640063,predicted_worsening,0.25
49,rap_plus_pathways,E2F1,inhibit,1.0,transition_model_effect,0.6874416343554115,3.0,1,G2-M Checkpoint,0.40940627470332364,0.6151796530936453,0.20577337839032178,-0.20577337839032178,-0.19479597087760087,-6.210466340049312e-09,0,0.0,0.25,0.5437208171777057,-0.111883269451803,predicted_worsening,0.25
50,rap_plus_pathways,CENPF,inhibit,1.0,differential_expression_effect,0.6703024014578206,4.0,1,G2-M Checkpoint,0.40940627470332364,0.6151796530936453,0.20577337839032178,-0.20577337839032178,-0.19479597087760087,-6.210466340049312e-09,0,0.0,0.25,0.5684845340622436,-0.11697898313663584,predicted_worsening,0.25
1,rap_plus_pathways,HMGB2,inhibit,1.0,differential_expression_effect,0.7573902312818401,3.0,1,E2F Targets,0.40940627470332364,0.2849967062287228,-0.12440956847460082,0.12440956847460082,0.13426628773523314,0.24231700579401688,79508,1.0,0.25,0.57869511564092,0.07199520961524608,predicted_suppression,0.5
2,rap_plus_pathways,RRM2,inhibit,1.0,differential_expression_effect,0.6884224623231245,2.0,1,E2F Targets,0.40940627470332364,0.2849967062287228,-0.12440956847460082,0.12440956847460082,0.13426628773523314,0.24231700579401688,79508,1.0,0.25,0.5108778978282289,0.06355809881202117,predicted_suppression,0.5
3,rap_plus_pathways,GINS1,inhibit,1.0,differential_expression_effect,0.6352045905748,2.0,1,E2F Targets,0.40940627470332364,0.2849967062287228,-0.12440956847460082,0.12440956847460082,0.13426628773523314,0.24231700579401688,79508,1.0,0.25,0.48426896195406666,0.060247692582348314,predicted_suppression,0.5
4,rap_plus_pathways,MELK,inhibit,1.0,differential_expression_effect,0.5980906638233262,2.0,1,E2F Targets,0.40940627470332364,0.2849967062287228,-0.12440956847460082,0.12440956847460082,0.13426628773523314,0.24231700579401688,79508,1.0,0.25,0.46571199857832973,0.05793902877657391,predicted_suppression,0.5
5,rap_plus_pathways,KRT80,activate,-1.0,differential_expression_effect,0.6995790414627282,2.0,1,Keratinization R-HSA-6805567,0.40940627470332364,0.3440157293733473,-0.06539054532997626,0.06539054532997626,0.06798543508097435,0.1289652984115206,79508,1.0,0.25,0.5164561873980308,0.03377135173299765,predicted_suppression,0.5
6,rap_plus_pathways,IVL,activate,-1.0,differential_expression_effect,0.6192567491510668,2.0,1,Keratinization R-HSA-6805567,0.40940627470332364,0.3440157293733473,-0.06539054532997626,0.06539054532997626,0.06798543508097435,0.1289652984115206,79508,1.0,0.25,0.4762950412422,0.031145192484790994,predicted_suppression,0.5
7,rap_plus_pathways,CLU,activate,-1.0,differential_expression_effect,0.7603539739481504,2.0,0,,0.40940627470332364,0.3537043945471864,-0.05570188015613721,0.05570188015613721,0.0575727516228869,0.11012601879826134,79508,1.0,0.25,0.44684365364074186,0.024890031643627086,predicted_suppression,0.5
8,rap_plus_pathways,BCAS1,activate,-1.0,differential_expression_effect,0.6837812817613224,3.0,0,,0.40940627470332364,0.3537043945471864,-0.05570188015613721,0.05570188015613721,0.0575727516228869,0.11012601879826134,79508,1.0,0.25,0.4418906408806612,0.024614139520453257,predicted_suppression,0.5
9,rap_plus_pathways,MYO1B,activate,-1.0,differential_expression_effect,0.7054155897786791,2.0,0,,0.40940627470332364,0.3537043945471864,-0.05570188015613721,0.05570188015613721,0.0575727516228869,0.11012601879826134,79508,1.0,0.25,0.4193744615560062,0.02335994599813723,predicted_suppression,0.5
10,rap_plus_pathways,H4C3,inhibit,1.0,differential_expression_effect,0.705187779578552,2.0,0,,0.40940627470332364,0.3537043945471864,-0.05570188015613721,0.05570188015613721,0.0575727516228869,0.11012601879826134,79508,1.0,0.25,0.4192605564559427,0.02335360126990432,predicted_suppression,0.5
11,rap_plus_pathways,PHGDH,inhibit,1.0,differential_expression_effect,0.7003715177248218,2.0,0,,0.40940627470332364,0.3537043945471864,-0.05570188015613721,0.05570188015613721,0.0575727516228869,0.11012601879826134,79508,1.0,0.25,0.41685242552907753,0.023219463849615787,predicted_suppression,0.5
12,rap_plus_pathways,SDC2,activate,-1.0,differential_expression_effect,0.6971779366564773,2.0,0,,0.40940627470332364,0.3537043945471864,-0.05570188015613721,0.05570188015613721,0.0575727516228869,0.11012601879826134,79508,1.0,0.25,0.4152556349949053,0.023130519614646874,predicted_suppression,0.5
13,rap_plus_pathways,DHTKD1,inhibit,1.0,differential_expression_effect,0.6908306961041671,2.0,0,,0.40940627470332364,0.3537043945471864,-0.05570188015613721,0.05570188015613721,0.0575727516228869,0.11012601879826134,79508,1.0,0.25,0.4120820147187502,0.022953742998363395,predicted_suppression,0.5
14,rap_plus_pathways,NUDT3,inhibit,1.0,differential_expression_effect,0.6882075072090454,2.0,0,,0.40940627470332364,0.3537043945471864,-0.05570188015613721,0.05570188015613721,0.0575727516228869,0.11012601879826134,79508,1.0,0.25,0.4107704202711894,0.022880684721631905,predicted_suppression,0.5
15,rap_plus_pathways,ZWINT,inhibit,1.0,differential_expression_effect,0.6869889853380513,2.0,0,,0.40940627470332364,0.3537043945471864,-0.05570188015613721,0.05570188015613721,0.0575727516228869,0.11012601879826134,79508,1.0,0.25,0.4101611593356923,0.02284674774201903,predicted_suppression,0.5
16,rap_plus_pathways,YBX2,inhibit,1.0,differential_expression_effect,0.6835576591719393,2.0,0,,0.40940627470332364,0.3537043945471864,-0.05570188015613721,0.05570188015613721,0.0575727516228869,0.11012601879826134,79508,1.0,0.25,0.4084454962526363,0.02275118208257834,predicted_suppression,0.5
17,rap_plus_pathways,ARHGAP11A,inhibit,1.0,differential_expression_effect,0.6796115438135014,2.0,0,,0.40940627470332364,0.3537043945471864,-0.05570188015613721,0.05570188015613721,0.0575727516228869,0.11012601879826134,79508,1.0,0.25,0.40647243857341736,0.022641279060189336,predicted_suppression,0.5
18,rap_plus_pathways,NUF2,inhibit,1.0,differential_expression_effect,0.6675860052084984,2.0,0,,0.40940627470332364,0.3537043945471864,-0.05570188015613721,0.05570188015613721,0.0575727516228869,0.11012601879826134,79508,1.0,0.25,0.40045966927091586,0.0223063565050949,predicted_suppression,0.5
19,rap_plus_pathways,FBXO17,inhibit,1.0,differential_expression_effect,0.6531246883732527,2.0,0,,0.40940627470332364,0.3537043945471864,-0.05570188015613721,0.05570188015613721,0.0575727516228869,0.11012601879826134,79508,1.0,0.25,0.393229010853293,0.021903595236466504,predicted_suppression,0.5
20,rap_plus_pathways,NCF2,activate,-1.0,differential_expression_effect,0.6524182021795357,2.0,0,,0.40940627470332364,0.3537043945471864,-0.05570188015613721,0.05570188015613721,0.0575727516228869,0.11012601879826134,79508,1.0,0.25,0.3928757677564345,0.02188391893181931,predicted_suppression,0.5
21,rap_plus_pathways,KIF14,inhibit,1.0,differential_expression_effect,0.6503130591297537,2.0,0,,0.40940627470332364,0.3537043945471864,-0.05570188015613721,0.05570188015613721,0.0575727516228869,0.11012601879826134,79508,1.0,0.25,0.3918231962315435,0.02182528871888407,predicted_suppression,0.5
22,rap_plus_pathways,ENC1,activate,-1.0,differential_expression_effect,0.6496829350893555,2.0,0,,0.40940627470332364,0.3537043945471864,-0.05570188015613721,0.05570188015613721,0.0575727516228869,0.11012601879826134,79508,1.0,0.25,0.3915081342113444,0.021807739171993187,predicted_suppression,0.5
23,rap_plus_pathways,H4C8,activate,-1.0,differential_expression_effect,0.6461169056612761,2.0,0,,0.40940627470332364,0.3537043945471864,-0.05570188015613721,0.05570188015613721,0.0575727516228869,0.11012601879826134,79508,1.0,0.25,0.3897251194973047,0.02170842190007512,predicted_suppression,0.5
24,rap_plus_pathways,NCAPH,inhibit,1.0,differential_expression_effect,0.6304158464734002,2.0,0,,0.40940627470332364,0.3537043945471864,-0.05570188015613721,0.05570188015613721,0.0575727516228869,0.11012601879826134,79508,1.0,0.25,0.38187458990336676,0.02127113264147138,predicted_suppression,0.5
25,rap_plus_pathways,RND1,activate,-1.0,differential_expression_effect,0.625772321910648,2.0,0,,0.40940627470332364,0.3537043945471864,-0.05570188015613721,0.05570188015613721,0.0575727516228869,0.11012601879826134,79508,1.0,0.25,0.37955282762199066,0.02114180611712313,predicted_suppression,0.5
26,rap_plus_pathways,KIF20A,inhibit,1.0,differential_expression_effect,0.6085210341331331,2.0,0,,0.40940627470332364,0.3537043945471864,-0.05570188015613721,0.05570188015613721,0.0575727516228869,0.11012601879826134,79508,1.0,0.25,0.3709271837332332,0.020661341534962043,predicted_suppression,0.5
27,rap_plus_pathways,SYTL2,activate,-1.0,differential_expression_effect,0.607813155021956,2.0,0,,0.40940627470332364,0.3537043945471864,-0.05570188015613721,0.05570188015613721,0.0575727516228869,0.11012601879826134,79508,1.0,0.25,0.37057324417764465,0.020641626436254133,predicted_suppression,0.5
28,rap_plus_pathways,GPRC5A,activate,-1.0,differential_expression_effect,0.6065401780514027,2.0,0,,0.40940627470332364,0.3537043945471864,-0.05570188015613721,0.05570188015613721,0.0575727516228869,0.11012601879826134,79508,1.0,0.25,0.369936755692368,0.020606172830926493,predicted_suppression,0.5
29,rap_plus_pathways,ANXA1,activate,-1.0,differential_expression_effect,0.6065387251303759,2.0,0,,0.40940627470332364,0.3537043945471864,-0.05570188015613721,0.05570188015613721,0.0575727516228869,0.11012601879826134,79508,1.0,0.25,0.3699360292318546,0.020606132365710034,predicted_suppression,0.5
30,rap_plus_pathways,GAS2L3,inhibit,1.0,differential_expression_effect,0.6053413605080713,2.0,0,,0.40940627470332364,0.3537043945471864,-0.05570188015613721,0.05570188015613721,0.0575727516228869,0.11012601879826134,79508,1.0,0.25,0.3693373469207023,0.02057278463536263,predicted_suppression,0.5
31,rap_plus_pathways,MACC1,activate,-1.0,differential_expression_effect,0.5963635313460357,2.0,0,,0.40940627470332364,0.3537043945471864,-0.05570188015613721,0.05570188015613721,0.0575727516228869,0.11012601879826134,79508,1.0,0.25,0.3648484323396845,0.02032274365333964,predicted_suppression,0.5
32,rap_plus_pathways,IFI6,activate,-1.0,differential_expression_effect,0.8147518270098308,3.0,1,Interferon Alpha/Beta Signaling R-HSA-909733,0.40940627470332364,0.4001893041550014,-0.009216970548322214,0.009216970548322214,0.00930042914621125,0.01845701356517543,79508,1.0,0.25,0.6073759135049154,0.005598165906535105,predicted_suppression,0.5
33,rap_plus_pathways,ISG15,activate,-1.0,differential_expression_effect,0.6665757308663266,2.0,3,Interferon Alpha Response;Interferon Alpha/Beta Signaling R-HSA-909733;Interferon Gamma Response,0.40940627470332364,0.4295705316941134,0.020164256990789775,-0.020164256990789775,-0.020048086417079558,-2.0708997081852047e-10,0,0.0,0.25,0.6999545320998299,-0.014114063067128983,predicted_worsening,0.5
34,rap_plus_pathways,IFI27,activate,-1.0,differential_expression_effect,0.6117934528541784,3.0,3,Interferon Alpha Response;Interferon Alpha/Beta Signaling R-HSA-909733;Interferon Gamma Response,0.40940627470332364,0.4295705316941134,0.020164256990789775,-0.020164256990789775,-0.020048086417079558,-2.0708997081852047e-10,0,0.0,0.25,0.7058967264270891,-0.014233883000633048,predicted_worsening,0.5
35,rap_plus_pathways,AURKB,inhibit,1.0,differential_expression_effect,0.6030594551555394,2.0,2,E2F Targets;G2-M Checkpoint,0.40940627470332364,0.5356657213711019,0.12625944666777839,-0.12625944666777839,-0.12099485310980018,-2.254970066526401e-09,0,0.0,0.25,0.5681963942444364,-0.07174016233592939,predicted_worsening,0.5
36,rap_plus_pathways,CDC20,inhibit,1.0,differential_expression_effect,0.6363605104807625,2.0,2,E2F Targets;G2-M Checkpoint,0.40940627470332364,0.5356657213711019,0.12625944666777839,-0.12625944666777839,-0.12099485310980018,-2.254970066526401e-09,0,0.0,0.25,0.5848469219070479,-0.07384244874533727,predicted_worsening,0.5
37,rap_plus_pathways,PLK1,inhibit,1.0,differential_expression_effect,0.6453224467779706,2.0,2,E2F Targets;G2-M Checkpoint,0.40940627470332364,0.5356657213711019,0.12625944666777839,-0.12625944666777839,-0.12099485310980018,-2.254970066526401e-09,0,0.0,0.25,0.5893278900556519,-0.07440821330431595,predicted_worsening,0.5
38,rap_plus_pathways,H2AZ1,inhibit,1.0,differential_expression_effect,0.6153880489342868,3.0,2,E2F Targets;G2-M Checkpoint,0.40940627470332364,0.5356657213711019,0.12625944666777839,-0.12625944666777839,-0.12099485310980018,-2.254970066526401e-09,0,0.0,0.25,0.6076940244671434,-0.0767271112725369,predicted_worsening,0.5
39,rap_plus_pathways,CKS1B,inhibit,1.0,differential_expression_effect,0.6875863313758503,2.0,2,E2F Targets;G2-M Checkpoint,0.40940627470332364,0.5356657213711019,0.12625944666777839,-0.12625944666777839,-0.12099485310980018,-2.254970066526401e-09,0,0.0,0.25,0.6104598323545918,-0.07707632064599551,predicted_worsening,0.5
40,rap_plus_pathways,LMNB1,inhibit,1.0,differential_expression_effect,0.6887235532582613,2.0,2,E2F Targets;G2-M Checkpoint,0.40940627470332364,0.5356657213711019,0.12625944666777839,-0.12625944666777839,-0.12099485310980018,-2.254970066526401e-09,0,0.0,0.25,0.6110284432957973,-0.07714811314880136,predicted_worsening,0.5
41,rap_plus_pathways,MKI67,inhibit,1.0,differential_expression_effect,0.6708860019200854,4.0,2,E2F Targets;G2-M Checkpoint,0.40940627470332364,0.5356657213711019,0.12625944666777839,-0.12625944666777839,-0.12099485310980018,-2.254970066526401e-09,0,0.0,0.25,0.668776334293376,-0.08443932991238684,predicted_worsening,0.5
42,rap_plus_pathways,UBE2C,inhibit,1.0,differential_expression_effect,0.6201602651399948,2.0,1,G2-M Checkpoint,0.40940627470332364,0.5931466517418685,0.18374037703854504,-0.18374037703854504,-0.17432712564411462,-4.746217060320297e-09,0,0.0,0.25,0.476746799236664,-0.08759763664366418,predicted_worsening,0.5
43,rap_plus_pathways,KNL1,inhibit,1.0,differential_expression_effect,0.6242033036182136,2.0,1,G2-M Checkpoint,0.40940627470332364,0.5931466517418685,0.18374037703854504,-0.18374037703854504,-0.17432712564411462,-4.746217060320297e-09,0,0.0,0.25,0.47876831847577345,-0.08796907135084882,predicted_worsening,0.5
44,rap_plus_pathways,PBK,inhibit,1.0,differential_expression_effect,0.6421132486951168,2.0,1,G2-M Checkpoint,0.40940627470332364,0.5931466517418685,0.18374037703854504,-0.18374037703854504,-0.17432712564411462,-4.746217060320297e-09,0,0.0,0.25,0.487723291014225,-0.08961446138143372,predicted_worsening,0.5
45,rap_plus_pathways,TOP2A,inhibit,1.0,differential_expression_effect,0.7809166065664604,4.0,2,E2F Targets;G2-M Checkpoint,0.40940627470332364,0.5356657213711019,0.12625944666777839,-0.12625944666777839,-0.12099485310980018,-2.254970066526401e-09,0,0.0,0.25,0.7237916366165635,-0.09138553154197304,predicted_worsening,0.5
46,rap_plus_pathways,CCNA2,inhibit,1.0,differential_expression_effect,0.6722182796119277,2.0,1,G2-M Checkpoint,0.40940627470332364,0.5931466517418685,0.18374037703854504,-0.18374037703854504,-0.17432712564411462,-4.746217060320297e-09,0,0.0,0.25,0.5027758064726305,-0.09238021624713968,predicted_worsening,0.5
47,rap_plus_pathways,KIF11,inhibit,1.0,differential_expression_effect,0.6880991043016356,2.0,1,G2-M Checkpoint,0.40940627470332364,0.5931466517418685,0.18374037703854504,-0.18374037703854504,-0.17432712564411462,-4.746217060320297e-09,0,0.0,0.25,0.5107162188174844,-0.09383919060522465,predicted_worsening,0.5
48,rap_plus_pathways,PRC1,inhibit,1.0,differential_expression_effect,0.6915602903572053,2.0,1,G2-M Checkpoint,0.40940627470332364,0.5931466517418685,0.18374037703854504,-0.18374037703854504,-0.17432712564411462,-4.746217060320297e-09,0,0.0,0.25,0.5124468118452693,-0.09415717042065012,predicted_worsening,0.5
49,rap_plus_pathways,E2F1,inhibit,1.0,transition_model_effect,0.6874416343554115,3.0,1,G2-M Checkpoint,0.40940627470332364,0.5931466517418685,0.18374037703854504,-0.18374037703854504,-0.17432712564411462,-4.746217060320297e-09,0,0.0,0.25,0.5437208171777057,-0.09990346795193747,predicted_worsening,0.5
50,rap_plus_pathways,CENPF,inhibit,1.0,differential_expression_effect,0.6703024014578206,4.0,1,G2-M Checkpoint,0.40940627470332364,0.5931466517418685,0.18374037703854504,-0.18374037703854504,-0.17432712564411462,-4.746217060320297e-09,0,0.0,0.25,0.5684845340622436,-0.10445356262917825,predicted_worsening,0.5
1,rap_plus_pathways,HMGB2,inhibit,1.0,differential_expression_effect,0.7573902312818401,3.0,1,E2F Targets,0.40940627470332364,0.2508764753003912,-0.15852979940293244,0.15852979940293244,0.1746927502138725,0.3072892303228975,79508,1.0,0.5,0.57869511564092,0.09174042059801184,predicted_suppression,0.1
2,rap_plus_pathways,RRM2,inhibit,1.0,differential_expression_effect,0.6884224623231245,2.0,1,E2F Targets,0.40940627470332364,0.2508764753003912,-0.15852979940293244,0.15852979940293244,0.1746927502138725,0.3072892303228975,79508,1.0,0.5,0.5108778978282289,0.08098937066210093,predicted_suppression,0.1
3,rap_plus_pathways,GINS1,inhibit,1.0,differential_expression_effect,0.6352045905748,2.0,1,E2F Targets,0.40940627470332364,0.2508764753003912,-0.15852979940293244,0.15852979940293244,0.1746927502138725,0.3072892303228975,79508,1.0,0.5,0.48426896195406666,0.0767710613956445,predicted_suppression,0.1
4,rap_plus_pathways,MELK,inhibit,1.0,differential_expression_effect,0.5980906638233262,2.0,1,E2F Targets,0.40940627470332364,0.2508764753003912,-0.15852979940293244,0.15852979940293244,0.1746927502138725,0.3072892303228975,79508,1.0,0.5,0.46571199857832973,0.07382922971416137,predicted_suppression,0.1
5,rap_plus_pathways,KRT80,activate,-1.0,differential_expression_effect,0.6995790414627282,2.0,1,Keratinization R-HSA-6805567,0.40940627470332364,0.3679501305459252,-0.04145614415739842,0.04145614415739842,0.04249430998545094,0.08226947734243928,79508,1.0,0.5,0.5164561873980308,0.02141028215575314,predicted_suppression,0.1
6,rap_plus_pathways,IVL,activate,-1.0,differential_expression_effect,0.6192567491510668,2.0,1,Keratinization R-HSA-6805567,0.40940627470332364,0.3679501305459252,-0.04145614415739842,0.04145614415739842,0.04249430998545094,0.08226947734243928,79508,1.0,0.5,0.4762950412422,0.01974535589119067,predicted_suppression,0.1
7,rap_plus_pathways,CLU,activate,-1.0,differential_expression_effect,0.7603539739481504,2.0,0,,0.40940627470332364,0.3872515877439596,-0.022154686959363977,0.022154686959363977,0.022500818641009487,0.044200972666768534,79508,1.0,0.5,0.44684365364074186,0.009899681266189097,predicted_suppression,0.1
8,rap_plus_pathways,BCAS1,activate,-1.0,differential_expression_effect,0.6837812817613224,3.0,0,,0.40940627470332364,0.3872515877439596,-0.022154686959363977,0.022154686959363977,0.022500818641009487,0.044200972666768534,79508,1.0,0.5,0.4418906408806612,0.009789948818983775,predicted_suppression,0.1
9,rap_plus_pathways,MYO1B,activate,-1.0,differential_expression_effect,0.7054155897786791,2.0,0,,0.40940627470332364,0.3872515877439596,-0.022154686959363977,0.022154686959363977,0.022500818641009487,0.044200972666768534,79508,1.0,0.5,0.4193744615560062,0.00929110991452514,predicted_suppression,0.1
10,rap_plus_pathways,H4C3,inhibit,1.0,differential_expression_effect,0.705187779578552,2.0,0,,0.40940627470332364,0.3872515877439596,-0.022154686959363977,0.022154686959363977,0.022500818641009487,0.044200972666768534,79508,1.0,0.5,0.4192605564559427,0.009288586382690157,predicted_suppression,0.1
11,rap_plus_pathways,PHGDH,inhibit,1.0,differential_expression_effect,0.7003715177248218,2.0,0,,0.40940627470332364,0.3872515877439596,-0.022154686959363977,0.022154686959363977,0.022500818641009487,0.044200972666768534,79508,1.0,0.5,0.41685242552907753,0.009235234995848298,predicted_suppression,0.1
12,rap_plus_pathways,SDC2,activate,-1.0,differential_expression_effect,0.6971779366564773,2.0,0,,0.40940627470332364,0.3872515877439596,-0.022154686959363977,0.022154686959363977,0.022500818641009487,0.044200972666768534,79508,1.0,0.5,0.4152556349949053,0.009199858601424036,predicted_suppression,0.1
13,rap_plus_pathways,DHTKD1,inhibit,1.0,differential_expression_effect,0.6908306961041671,2.0,0,,0.40940627470332364,0.3872515877439596,-0.022154686959363977,0.022154686959363977,0.022500818641009487,0.044200972666768534,79508,1.0,0.5,0.4120820147187502,0.00912954803767793,predicted_suppression,0.1
14,rap_plus_pathways,NUDT3,inhibit,1.0,differential_expression_effect,0.6882075072090454,2.0,0,,0.40940627470332364,0.3872515877439596,-0.022154686959363977,0.022154686959363977,0.022500818641009487,0.044200972666768534,79508,1.0,0.5,0.4107704202711894,0.00910049007327458,predicted_suppression,0.1
15,rap_plus_pathways,ZWINT,inhibit,1.0,differential_expression_effect,0.6869889853380513,2.0,0,,0.40940627470332364,0.3872515877439596,-0.022154686959363977,0.022154686959363977,0.022500818641009487,0.044200972666768534,79508,1.0,0.5,0.4101611593356923,0.009086992087972073,predicted_suppression,0.1
16,rap_plus_pathways,YBX2,inhibit,1.0,differential_expression_effect,0.6835576591719393,2.0,0,,0.40940627470332364,0.3872515877439596,-0.022154686959363977,0.022154686959363977,0.022500818641009487,0.044200972666768534,79508,1.0,0.5,0.4084454962526363,0.00904898210943923,predicted_suppression,0.1
17,rap_plus_pathways,ARHGAP11A,inhibit,1.0,differential_expression_effect,0.6796115438135014,2.0,0,,0.40940627470332364,0.3872515877439596,-0.022154686959363977,0.022154686959363977,0.022500818641009487,0.044200972666768534,79508,1.0,0.5,0.40647243857341736,0.009005269634203365,predicted_suppression,0.1
18,rap_plus_pathways,NUF2,inhibit,1.0,differential_expression_effect,0.6675860052084984,2.0,0,,0.40940627470332364,0.3872515877439596,-0.022154686959363977,0.022154686959363977,0.022500818641009487,0.044200972666768534,79508,1.0,0.5,0.40045966927091586,0.00887205861254757,predicted_suppression,0.1
19,rap_plus_pathways,FBXO17,inhibit,1.0,differential_expression_effect,0.6531246883732527,2.0,0,,0.40940627470332364,0.3872515877439596,-0.022154686959363977,0.022154686959363977,0.022500818641009487,0.044200972666768534,79508,1.0,0.5,0.393229010853293,0.008711865638795046,predicted_suppression,0.1
20,rap_plus_pathways,NCF2,activate,-1.0,differential_expression_effect,0.6524182021795357,2.0,0,,0.40940627470332364,0.3872515877439596,-0.022154686959363977,0.022154686959363977,0.022500818641009487,0.044200972666768534,79508,1.0,0.5,0.3928757677564345,0.00870403964856359,predicted_suppression,0.1
21,rap_plus_pathways,KIF14,inhibit,1.0,differential_expression_effect,0.6503130591297537,2.0,0,,0.40940627470332364,0.3872515877439596,-0.022154686959363977,0.022154686959363977,0.022500818641009487,0.044200972666768534,79508,1.0,0.5,0.3918231962315435,0.00868072025592729,predicted_suppression,0.1
22,rap_plus_pathways,ENC1,activate,-1.0,differential_expression_effect,0.6496829350893555,2.0,0,,0.40940627470332364,0.3872515877439596,-0.022154686959363977,0.022154686959363977,0.022500818641009487,0.044200972666768534,79508,1.0,0.5,0.3915081342113444,0.008673740155496993,predicted_suppression,0.1
23,rap_plus_pathways,H4C8,activate,-1.0,differential_expression_effect,0.6461169056612761,2.0,0,,0.40940627470332364,0.3872515877439596,-0.022154686959363977,0.022154686959363977,0.022500818641009487,0.044200972666768534,79508,1.0,0.5,0.3897251194973047,0.008634238022663504,predicted_suppression,0.1
24,rap_plus_pathways,NCAPH,inhibit,1.0,differential_expression_effect,0.6304158464734002,2.0,0,,0.40940627470332364,0.3872515877439596,-0.022154686959363977,0.022154686959363977,0.022500818641009487,0.044200972666768534,79508,1.0,0.5,0.38187458990336676,0.008460311997044586,predicted_suppression,0.1
25,rap_plus_pathways,RND1,activate,-1.0,differential_expression_effect,0.625772321910648,2.0,0,,0.40940627470332364,0.3872515877439596,-0.022154686959363977,0.022154686959363977,0.022500818641009487,0.044200972666768534,79508,1.0,0.5,0.37955282762199066,0.00840887408050664,predicted_suppression,0.1
26,rap_plus_pathways,KIF20A,inhibit,1.0,differential_expression_effect,0.6085210341331331,2.0,0,,0.40940627470332364,0.3872515877439596,-0.022154686959363977,0.022154686959363977,0.022500818641009487,0.044200972666768534,79508,1.0,0.5,0.3709271837332332,0.008217775640328268,predicted_suppression,0.1
27,rap_plus_pathways,SYTL2,activate,-1.0,differential_expression_effect,0.607813155021956,2.0,0,,0.40940627470332364,0.3872515877439596,-0.022154686959363977,0.022154686959363977,0.022500818641009487,0.044200972666768534,79508,1.0,0.5,0.37057324417764465,0.008209934220271666,predicted_suppression,0.1
28,rap_plus_pathways,GPRC5A,activate,-1.0,differential_expression_effect,0.6065401780514027,2.0,0,,0.40940627470332364,0.3872515877439596,-0.022154686959363977,0.022154686959363977,0.022500818641009487,0.044200972666768534,79508,1.0,0.5,0.369936755692368,0.008195833017127122,predicted_suppression,0.1
29,rap_plus_pathways,ANXA1,activate,-1.0,differential_expression_effect,0.6065387251303759,2.0,0,,0.40940627470332364,0.3872515877439596,-0.022154686959363977,0.022154686959363977,0.022500818641009487,0.044200972666768534,79508,1.0,0.5,0.3699360292318546,0.00819581692262186,predicted_suppression,0.1
30,rap_plus_pathways,GAS2L3,inhibit,1.0,differential_expression_effect,0.6053413605080713,2.0,0,,0.40940627470332364,0.3872515877439596,-0.022154686959363977,0.022154686959363977,0.022500818641009487,0.044200972666768534,79508,1.0,0.5,0.3693373469207023,0.008182553303430172,predicted_suppression,0.1
31,rap_plus_pathways,MACC1,activate,-1.0,differential_expression_effect,0.5963635313460357,2.0,0,,0.40940627470332364,0.3872515877439596,-0.022154686959363977,0.022154686959363977,0.022500818641009487,0.044200972666768534,79508,1.0,0.5,0.3648484323396845,0.008083102806100398,predicted_suppression,0.1
32,rap_plus_pathways,IFI6,activate,-1.0,differential_expression_effect,0.8147518270098308,3.0,1,Interferon Alpha/Beta Signaling R-HSA-909733,0.40940627470332364,0.4773212694754786,0.06791499477215497,-0.06791499477215497,-0.06608217729444985,-8.780849225646029e-10,0,0.0,0.5,0.6073759135049154,-0.04124993199041918,predicted_worsening,0.1
33,rap_plus_pathways,ISG15,activate,-1.0,differential_expression_effect,0.6665757308663266,2.0,3,Interferon Alpha Response;Interferon Alpha/Beta Signaling R-HSA-909733;Interferon Gamma Response,0.40940627470332364,0.5312169379315054,0.1218106632281817,-0.1218106632281817,-0.11686966149260725,-2.1188436390077536e-09,0,0.0,0.5,0.6999545320998299,-0.08526192578465187,predicted_worsening,0.1
34,rap_plus_pathways,IFI27,activate,-1.0,differential_expression_effect,0.6117934528541784,3.0,3,Interferon Alpha Response;Interferon Alpha/Beta Signaling R-HSA-909733;Interferon Gamma Response,0.40940627470332364,0.5312169379315054,0.1218106632281817,-0.1218106632281817,-0.11686966149260725,-2.1188436390077536e-09,0,0.0,0.5,0.7058967264270891,-0.08598574841668606,predicted_worsening,0.1
35,rap_plus_pathways,AURKB,inhibit,1.0,differential_expression_effect,0.6030594551555394,2.0,2,E2F Targets;G2-M Checkpoint,0.40940627470332364,0.7087701576430185,0.29936388293969496,-0.29936388293969496,-0.2815916493800102,-1.917729022705683e-08,0,0.0,0.5,0.5681963942444364,-0.17009747885334822,predicted_worsening,0.1
36,rap_plus_pathways,CDC20,inhibit,1.0,differential_expression_effect,0.6363605104807625,2.0,2,E2F Targets;G2-M Checkpoint,0.40940627470332364,0.7087701576430185,0.29936388293969496,-0.29936388293969496,-0.2815916493800102,-1.917729022705683e-08,0,0.0,0.5,0.5848469219070479,-0.1750820454674224,predicted_worsening,0.1
37,rap_plus_pathways,PLK1,inhibit,1.0,differential_expression_effect,0.6453224467779706,2.0,2,E2F Targets;G2-M Checkpoint,0.40940627470332364,0.7087701576430185,0.29936388293969496,-0.29936388293969496,-0.2815916493800102,-1.917729022705683e-08,0,0.0,0.5,0.5893278900556519,-0.1764234854917176,predicted_worsening,0.1
38,rap_plus_pathways,H2AZ1,inhibit,1.0,differential_expression_effect,0.6153880489342868,3.0,2,E2F Targets;G2-M Checkpoint,0.40940627470332364,0.7087701576430185,0.29936388293969496,-0.29936388293969496,-0.2815916493800102,-1.917729022705683e-08,0,0.0,0.5,0.6076940244671434,-0.18192164280373405,predicted_worsening,0.1
39,rap_plus_pathways,CKS1B,inhibit,1.0,differential_expression_effect,0.6875863313758503,2.0,2,E2F Targets;G2-M Checkpoint,0.40940627470332364,0.7087701576430185,0.29936388293969496,-0.29936388293969496,-0.2815916493800102,-1.917729022705683e-08,0,0.0,0.5,0.6104598323545918,-0.18274962579238582,predicted_worsening,0.1
40,rap_plus_pathways,LMNB1,inhibit,1.0,differential_expression_effect,0.6887235532582613,2.0,2,E2F Targets;G2-M Checkpoint,0.40940627470332364,0.7087701576430185,0.29936388293969496,-0.29936388293969496,-0.2815916493800102,-1.917729022705683e-08,0,0.0,0.5,0.6110284432957973,-0.18291984737162711,predicted_worsening,0.1
41,rap_plus_pathways,UBE2C,inhibit,1.0,differential_expression_effect,0.6201602651399948,2.0,1,G2-M Checkpoint,0.40940627470332364,0.7971399571542469,0.38773368245092327,-0.38773368245092327,-0.3680196128343749,-5.954654746258357e-08,0,0.0,0.5,0.476746799236664,-0.18485079206472274,predicted_worsening,0.1
42,rap_plus_pathways,KNL1,inhibit,1.0,differential_expression_effect,0.6242033036182136,2.0,1,G2-M Checkpoint,0.40940627470332364,0.7971399571542469,0.38773368245092327,-0.38773368245092327,-0.3680196128343749,-5.954654746258357e-08,0,0.0,0.5,0.47876831847577345,-0.18563460316344804,predicted_worsening,0.1
43,rap_plus_pathways,PBK,inhibit,1.0,differential_expression_effect,0.6421132486951168,2.0,1,G2-M Checkpoint,0.40940627470332364,0.7971399571542469,0.38773368245092327,-0.38773368245092327,-0.3680196128343749,-5.954654746258357e-08,0,0.0,0.5,0.487723291014225,-0.18910674764202876,predicted_worsening,0.1
44,rap_plus_pathways,CCNA2,inhibit,1.0,differential_expression_effect,0.6722182796119277,2.0,1,G2-M Checkpoint,0.40940627470332364,0.7971399571542469,0.38773368245092327,-0.38773368245092327,-0.3680196128343749,-5.954654746258357e-08,0,0.0,0.5,0.5027758064726305,-0.19494311489086577,predicted_worsening,0.1
45,rap_plus_pathways,KIF11,inhibit,1.0,differential_expression_effect,0.6880991043016356,2.0,1,G2-M Checkpoint,0.40940627470332364,0.7971399571542469,0.38773368245092327,-0.38773368245092327,-0.3680196128343749,-5.954654746258357e-08,0,0.0,0.5,0.5107162188174844,-0.19802188020951475,predicted_worsening,0.1
46,rap_plus_pathways,PRC1,inhibit,1.0,differential_expression_effect,0.6915602903572053,2.0,1,G2-M Checkpoint,0.40940627470332364,0.7971399571542469,0.38773368245092327,-0.38773368245092327,-0.3680196128343749,-5.954654746258357e-08,0,0.0,0.5,0.5124468118452693,-0.19869288941700167,predicted_worsening,0.1
47,rap_plus_pathways,MKI67,inhibit,1.0,differential_expression_effect,0.6708860019200854,4.0,2,E2F Targets;G2-M Checkpoint,0.40940627470332364,0.7087701576430185,0.29936388293969496,-0.29936388293969496,-0.2815916493800102,-1.917729022705683e-08,0,0.0,0.5,0.668776334293376,-0.20020748025224053,predicted_worsening,0.1
48,rap_plus_pathways,E2F1,inhibit,1.0,transition_model_effect,0.6874416343554115,3.0,1,G2-M Checkpoint,0.40940627470332364,0.7971399571542469,0.38773368245092327,-0.38773368245092327,-0.3680196128343749,-5.954654746258357e-08,0,0.0,0.5,0.5437208171777057,-0.21081887466953705,predicted_worsening,0.1
49,rap_plus_pathways,TOP2A,inhibit,1.0,differential_expression_effect,0.7809166065664604,4.0,2,E2F Targets;G2-M Checkpoint,0.40940627470332364,0.7087701576430185,0.29936388293969496,-0.29936388293969496,-0.2815916493800102,-1.917729022705683e-08,0,0.0,0.5,0.7237916366165635,-0.21667707477681117,predicted_worsening,0.1
50,rap_plus_pathways,CENPF,inhibit,1.0,differential_expression_effect,0.6703024014578206,4.0,1,G2-M Checkpoint,0.40940627470332364,0.7971399571542469,0.38773368245092327,-0.38773368245092327,-0.3680196128343749,-5.954654746258357e-08,0,0.0,0.5,0.5684845340622436,-0.22042060180835105,predicted_worsening,0.1
1,rap_plus_pathways,HMGB2,inhibit,1.0,differential_expression_effect,0.7573902312818401,3.0,1,E2F Targets,0.40940627470332364,0.22009117409223847,-0.18931510061108514,0.18931510061108514,0.21247720233029777,0.36608431536103025,79508,1.0,0.5,0.57869511564092,0.10955572404070432,predicted_suppression,0.25
2,rap_plus_pathways,RRM2,inhibit,1.0,differential_expression_effect,0.6884224623231245,2.0,1,E2F Targets,0.40940627470332364,0.22009117409223847,-0.18931510061108514,0.18931510061108514,0.21247720233029777,0.36608431536103025,79508,1.0,0.5,0.5108778978282289,0.09671690062733083,predicted_suppression,0.25
3,rap_plus_pathways,GINS1,inhibit,1.0,differential_expression_effect,0.6352045905748,2.0,1,E2F Targets,0.40940627470332364,0.22009117409223847,-0.18931510061108514,0.18931510061108514,0.21247720233029777,0.36608431536103025,79508,1.0,0.5,0.48426896195406666,0.09167942725515989,predicted_suppression,0.25
4,rap_plus_pathways,MELK,inhibit,1.0,differential_expression_effect,0.5980906638233262,2.0,1,E2F Targets,0.40940627470332364,0.22009117409223847,-0.18931510061108514,0.18931510061108514,0.21247720233029777,0.36608431536103025,79508,1.0,0.5,0.46571199857832973,0.08816631386664603,predicted_suppression,0.25
5,rap_plus_pathways,KRT80,activate,-1.0,differential_expression_effect,0.6995790414627282,2.0,1,Keratinization R-HSA-6805567,0.40940627470332364,0.33433440925095315,-0.07507186545237045,0.07507186545237045,0.07852897954333027,0.14771194297977808,79508,1.0,0.5,0.5164561873980308,0.038771329412389186,predicted_suppression,0.25
6,rap_plus_pathways,IVL,activate,-1.0,differential_expression_effect,0.6192567491510668,2.0,1,Keratinization R-HSA-6805567,0.40940627470332364,0.33433440925095315,-0.07507186545237045,0.07507186545237045,0.07852897954333027,0.14771194297977808,79508,1.0,0.5,0.4762950412422,0.03575635725176567,predicted_suppression,0.25
7,rap_plus_pathways,CLU,activate,-1.0,differential_expression_effect,0.7603539739481504,2.0,0,,0.40940627470332364,0.3537043945471864,-0.05570188015613721,0.05570188015613721,0.0575727516228869,0.11012601879826134,79508,1.0,0.5,0.44684365364074186,0.024890031643627086,predicted_suppression,0.25
8,rap_plus_pathways,BCAS1,activate,-1.0,differential_expression_effect,0.6837812817613224,3.0,0,,0.40940627470332364,0.3537043945471864,-0.05570188015613721,0.05570188015613721,0.0575727516228869,0.11012601879826134,79508,1.0,0.5,0.4418906408806612,0.024614139520453257,predicted_suppression,0.25
9,rap_plus_pathways,MYO1B,activate,-1.0,differential_expression_effect,0.7054155897786791,2.0,0,,0.40940627470332364,0.3537043945471864,-0.05570188015613721,0.05570188015613721,0.0575727516228869,0.11012601879826134,79508,1.0,0.5,0.4193744615560062,0.02335994599813723,predicted_suppression,0.25
10,rap_plus_pathways,H4C3,inhibit,1.0,differential_expression_effect,0.705187779578552,2.0,0,,0.40940627470332364,0.3537043945471864,-0.05570188015613721,0.05570188015613721,0.0575727516228869,0.11012601879826134,79508,1.0,0.5,0.4192605564559427,0.02335360126990432,predicted_suppression,0.25
11,rap_plus_pathways,PHGDH,inhibit,1.0,differential_expression_effect,0.7003715177248218,2.0,0,,0.40940627470332364,0.3537043945471864,-0.05570188015613721,0.05570188015613721,0.0575727516228869,0.11012601879826134,79508,1.0,0.5,0.41685242552907753,0.023219463849615787,predicted_suppression,0.25
12,rap_plus_pathways,SDC2,activate,-1.0,differential_expression_effect,0.6971779366564773,2.0,0,,0.40940627470332364,0.3537043945471864,-0.05570188015613721,0.05570188015613721,0.0575727516228869,0.11012601879826134,79508,1.0,0.5,0.4152556349949053,0.023130519614646874,predicted_suppression,0.25
13,rap_plus_pathways,DHTKD1,inhibit,1.0,differential_expression_effect,0.6908306961041671,2.0,0,,0.40940627470332364,0.3537043945471864,-0.05570188015613721,0.05570188015613721,0.0575727516228869,0.11012601879826134,79508,1.0,0.5,0.4120820147187502,0.022953742998363395,predicted_suppression,0.25
14,rap_plus_pathways,NUDT3,inhibit,1.0,differential_expression_effect,0.6882075072090454,2.0,0,,0.40940627470332364,0.3537043945471864,-0.05570188015613721,0.05570188015613721,0.0575727516228869,0.11012601879826134,79508,1.0,0.5,0.4107704202711894,0.022880684721631905,predicted_suppression,0.25
15,rap_plus_pathways,ZWINT,inhibit,1.0,differential_expression_effect,0.6869889853380513,2.0,0,,0.40940627470332364,0.3537043945471864,-0.05570188015613721,0.05570188015613721,0.0575727516228869,0.11012601879826134,79508,1.0,0.5,0.4101611593356923,0.02284674774201903,predicted_suppression,0.25
16,rap_plus_pathways,YBX2,inhibit,1.0,differential_expression_effect,0.6835576591719393,2.0,0,,0.40940627470332364,0.3537043945471864,-0.05570188015613721,0.05570188015613721,0.0575727516228869,0.11012601879826134,79508,1.0,0.5,0.4084454962526363,0.02275118208257834,predicted_suppression,0.25
17,rap_plus_pathways,ARHGAP11A,inhibit,1.0,differential_expression_effect,0.6796115438135014,2.0,0,,0.40940627470332364,0.3537043945471864,-0.05570188015613721,0.05570188015613721,0.0575727516228869,0.11012601879826134,79508,1.0,0.5,0.40647243857341736,0.022641279060189336,predicted_suppression,0.25
18,rap_plus_pathways,NUF2,inhibit,1.0,differential_expression_effect,0.6675860052084984,2.0,0,,0.40940627470332364,0.3537043945471864,-0.05570188015613721,0.05570188015613721,0.0575727516228869,0.11012601879826134,79508,1.0,0.5,0.40045966927091586,0.0223063565050949,predicted_suppression,0.25
19,rap_plus_pathways,FBXO17,inhibit,1.0,differential_expression_effect,0.6531246883732527,2.0,0,,0.40940627470332364,0.3537043945471864,-0.05570188015613721,0.05570188015613721,0.0575727516228869,0.11012601879826134,79508,1.0,0.5,0.393229010853293,0.021903595236466504,predicted_suppression,0.25
20,rap_plus_pathways,NCF2,activate,-1.0,differential_expression_effect,0.6524182021795357,2.0,0,,0.40940627470332364,0.3537043945471864,-0.05570188015613721,0.05570188015613721,0.0575727516228869,0.11012601879826134,79508,1.0,0.5,0.3928757677564345,0.02188391893181931,predicted_suppression,0.25
21,rap_plus_pathways,KIF14,inhibit,1.0,differential_expression_effect,0.6503130591297537,2.0,0,,0.40940627470332364,0.3537043945471864,-0.05570188015613721,0.05570188015613721,0.0575727516228869,0.11012601879826134,79508,1.0,0.5,0.3918231962315435,0.02182528871888407,predicted_suppression,0.25
22,rap_plus_pathways,ENC1,activate,-1.0,differential_expression_effect,0.6496829350893555,2.0,0,,0.40940627470332364,0.3537043945471864,-0.05570188015613721,0.05570188015613721,0.0575727516228869,0.11012601879826134,79508,1.0,0.5,0.3915081342113444,0.021807739171993187,predicted_suppression,0.25
23,rap_plus_pathways,H4C8,activate,-1.0,differential_expression_effect,0.6461169056612761,2.0,0,,0.40940627470332364,0.3537043945471864,-0.05570188015613721,0.05570188015613721,0.0575727516228869,0.11012601879826134,79508,1.0,0.5,0.3897251194973047,0.02170842190007512,predicted_suppression,0.25
24,rap_plus_pathways,NCAPH,inhibit,1.0,differential_expression_effect,0.6304158464734002,2.0,0,,0.40940627470332364,0.3537043945471864,-0.05570188015613721,0.05570188015613721,0.0575727516228869,0.11012601879826134,79508,1.0,0.5,0.38187458990336676,0.02127113264147138,predicted_suppression,0.25
25,rap_plus_pathways,RND1,activate,-1.0,differential_expression_effect,0.625772321910648,2.0,0,,0.40940627470332364,0.3537043945471864,-0.05570188015613721,0.05570188015613721,0.0575727516228869,0.11012601879826134,79508,1.0,0.5,0.37955282762199066,0.02114180611712313,predicted_suppression,0.25
26,rap_plus_pathways,KIF20A,inhibit,1.0,differential_expression_effect,0.6085210341331331,2.0,0,,0.40940627470332364,0.3537043945471864,-0.05570188015613721,0.05570188015613721,0.0575727516228869,0.11012601879826134,79508,1.0,0.5,0.3709271837332332,0.020661341534962043,predicted_suppression,0.25
27,rap_plus_pathways,SYTL2,activate,-1.0,differential_expression_effect,0.607813155021956,2.0,0,,0.40940627470332364,0.3537043945471864,-0.05570188015613721,0.05570188015613721,0.0575727516228869,0.11012601879826134,79508,1.0,0.5,0.37057324417764465,0.020641626436254133,predicted_suppression,0.25
28,rap_plus_pathways,GPRC5A,activate,-1.0,differential_expression_effect,0.6065401780514027,2.0,0,,0.40940627470332364,0.3537043945471864,-0.05570188015613721,0.05570188015613721,0.0575727516228869,0.11012601879826134,79508,1.0,0.5,0.369936755692368,0.020606172830926493,predicted_suppression,0.25
29,rap_plus_pathways,ANXA1,activate,-1.0,differential_expression_effect,0.6065387251303759,2.0,0,,0.40940627470332364,0.3537043945471864,-0.05570188015613721,0.05570188015613721,0.0575727516228869,0.11012601879826134,79508,1.0,0.5,0.3699360292318546,0.020606132365710034,predicted_suppression,0.25
30,rap_plus_pathways,GAS2L3,inhibit,1.0,differential_expression_effect,0.6053413605080713,2.0,0,,0.40940627470332364,0.3537043945471864,-0.05570188015613721,0.05570188015613721,0.0575727516228869,0.11012601879826134,79508,1.0,0.5,0.3693373469207023,0.02057278463536263,predicted_suppression,0.25
31,rap_plus_pathways,MACC1,activate,-1.0,differential_expression_effect,0.5963635313460357,2.0,0,,0.40940627470332364,0.3537043945471864,-0.05570188015613721,0.05570188015613721,0.0575727516228869,0.11012601879826134,79508,1.0,0.5,0.3648484323396845,0.02032274365333964,predicted_suppression,0.25
32,rap_plus_pathways,IFI6,activate,-1.0,differential_expression_effect,0.8147518270098308,3.0,1,Interferon Alpha/Beta Signaling R-HSA-909733,0.40940627470332364,0.44563446175423127,0.036228187050907655,-0.036228187050907655,-0.03574952625537697,-4.0077302016976296e-10,0,0.0,0.5,0.6073759135049154,-0.022004128204671982,predicted_worsening,0.25
33,rap_plus_pathways,ISG15,activate,-1.0,differential_expression_effect,0.6665757308663266,2.0,3,Interferon Alpha Response;Interferon Alpha/Beta Signaling R-HSA-909733;Interferon Gamma Response,0.40940627470332364,0.5014597013174218,0.09205342661409813,-0.09205342661409813,-0.08893477355693188,-1.3523300187891601e-09,0,0.0,0.5,0.6999545320998299,-0.06443321315385708,predicted_worsening,0.25
34,rap_plus_pathways,IFI27,activate,-1.0,differential_expression_effect,0.6117934528541784,3.0,3,Interferon Alpha Response;Interferon Alpha/Beta Signaling R-HSA-909733;Interferon Gamma Response,0.40940627470332364,0.5014597013174218,0.09205342661409813,-0.09205342661409813,-0.08893477355693188,-1.3523300187891601e-09,0,0.0,0.5,0.7058967264270891,-0.06498021250328816,predicted_worsening,0.25
35,rap_plus_pathways,AURKB,inhibit,1.0,differential_expression_effect,0.6030594551555394,2.0,2,E2F Targets;G2-M Checkpoint,0.40940627470332364,0.6853598141687695,0.2759535394654459,-0.2759535394654459,-0.25960268027497724,-1.4434715893296218e-08,0,0.0,0.5,0.5681963942444364,-0.1567958061032561,predicted_worsening,0.25
36,rap_plus_pathways,CDC20,inhibit,1.0,differential_expression_effect,0.6363605104807625,2.0,2,E2F Targets;G2-M Checkpoint,0.40940627470332364,0.6853598141687695,0.2759535394654459,-0.2759535394654459,-0.25960268027497724,-1.4434715893296218e-08,0,0.0,0.5,0.5848469219070479,-0.16139057814572108,predicted_worsening,0.25
37,rap_plus_pathways,PLK1,inhibit,1.0,differential_expression_effect,0.6453224467779706,2.0,2,E2F Targets;G2-M Checkpoint,0.40940627470332364,0.6853598141687695,0.2759535394654459,-0.2759535394654459,-0.25960268027497724,-1.4434715893296218e-08,0,0.0,0.5,0.5893278900556519,-0.16262711716656028,predicted_worsening,0.25
38,rap_plus_pathways,H2AZ1,inhibit,1.0,differential_expression_effect,0.6153880489342868,3.0,2,E2F Targets;G2-M Checkpoint,0.40940627470332364,0.6853598141687695,0.2759535394654459,-0.2759535394654459,-0.25960268027497724,-1.4434715893296218e-08,0,0.0,0.5,0.6076940244671434,-0.16769531696370948,predicted_worsening,0.25
39,rap_plus_pathways,CKS1B,inhibit,1.0,differential_expression_effect,0.6875863313758503,2.0,2,E2F Targets;G2-M Checkpoint,0.40940627470332364,0.6853598141687695,0.2759535394654459,-0.2759535394654459,-0.25960268027497724,-1.4434715893296218e-08,0,0.0,0.5,0.6104598323545918,-0.16845855143973232,predicted_worsening,0.25
40,rap_plus_pathways,LMNB1,inhibit,1.0,differential_expression_effect,0.6887235532582613,2.0,2,E2F Targets;G2-M Checkpoint,0.40940627470332364,0.6853598141687695,0.2759535394654459,-0.2759535394654459,-0.25960268027497724,-1.4434715893296218e-08,0,0.0,0.5,0.6110284432957973,-0.16861546164153676,predicted_worsening,0.25
41,rap_plus_pathways,UBE2C,inhibit,1.0,differential_expression_effect,0.6201602651399948,2.0,1,G2-M Checkpoint,0.40940627470332364,0.7769745227716062,0.3675682480682826,-0.3675682480682826,-0.3474024111810695,-4.53945225184572e-08,0,0.0,0.5,0.476746799236664,-0.17523698576758184,predicted_worsening,0.25
42,rap_plus_pathways,KNL1,inhibit,1.0,differential_expression_effect,0.6242033036182136,2.0,1,G2-M Checkpoint,0.40940627470332364,0.7769745227716062,0.3675682480682826,-0.3675682480682826,-0.3474024111810695,-4.53945225184572e-08,0,0.0,0.5,0.47876831847577345,-0.17598003205273763,predicted_worsening,0.25
43,rap_plus_pathways,PBK,inhibit,1.0,differential_expression_effect,0.6421132486951168,2.0,1,G2-M Checkpoint,0.40940627470332364,0.7769745227716062,0.3675682480682826,-0.3675682480682826,-0.3474024111810695,-4.53945225184572e-08,0,0.0,0.5,0.487723291014225,-0.17927159562019584,predicted_worsening,0.25
44,rap_plus_pathways,MKI67,inhibit,1.0,differential_expression_effect,0.6708860019200854,4.0,2,E2F Targets;G2-M Checkpoint,0.40940627470332364,0.6853598141687695,0.2759535394654459,-0.2759535394654459,-0.25960268027497724,-1.4434715893296218e-08,0,0.0,0.5,0.668776334293376,-0.18455119655898336,predicted_worsening,0.25
45,rap_plus_pathways,CCNA2,inhibit,1.0,differential_expression_effect,0.6722182796119277,2.0,1,G2-M Checkpoint,0.40940627470332364,0.7769745227716062,0.3675682480682826,-0.3675682480682826,-0.3474024111810695,-4.53945225184572e-08,0,0.0,0.5,0.5027758064726305,-0.1848044223562627,predicted_worsening,0.25
46,rap_plus_pathways,KIF11,inhibit,1.0,differential_expression_effect,0.6880991043016356,2.0,1,G2-M Checkpoint,0.40940627470332364,0.7769745227716062,0.3675682480682826,-0.3675682480682826,-0.3474024111810695,-4.53945225184572e-08,0,0.0,0.5,0.5107162188174844,-0.1877230658108004,predicted_worsening,0.25
47,rap_plus_pathways,PRC1,inhibit,1.0,differential_expression_effect,0.6915602903572053,2.0,1,G2-M Checkpoint,0.40940627470332364,0.7769745227716062,0.3675682480682826,-0.3675682480682826,-0.3474024111810695,-4.53945225184572e-08,0,0.0,0.5,0.5124468118452693,-0.1883591768581425,predicted_worsening,0.25
48,rap_plus_pathways,TOP2A,inhibit,1.0,differential_expression_effect,0.7809166065664604,4.0,2,E2F Targets;G2-M Checkpoint,0.40940627470332364,0.6853598141687695,0.2759535394654459,-0.2759535394654459,-0.25960268027497724,-1.4434715893296218e-08,0,0.0,0.5,0.7237916366165635,-0.19973286395982853,predicted_worsening,0.25
49,rap_plus_pathways,E2F1,inhibit,1.0,transition_model_effect,0.6874416343554115,3.0,1,G2-M Checkpoint,0.40940627470332364,0.7769745227716062,0.3675682480682826,-0.3675682480682826,-0.3474024111810695,-4.53945225184572e-08,0,0.0,0.5,0.5437208171777057,-0.19985450820826425,predicted_worsening,0.25
50,rap_plus_pathways,CENPF,inhibit,1.0,differential_expression_effect,0.6703024014578206,4.0,1,G2-M Checkpoint,0.40940627470332364,0.7769745227716062,0.3675682480682826,-0.3675682480682826,-0.3474024111810695,-4.53945225184572e-08,0,0.0,0.5,0.5684845340622436,-0.2089568642391728,predicted_worsening,0.25
1,rap_plus_pathways,HMGB2,inhibit,1.0,differential_expression_effect,0.7573902312818401,3.0,1,E2F Targets,0.40940627470332364,0.1729036245164883,-0.23650265018683533,0.23650265018683533,0.2688557263281265,0.4577557255066549,79508,1.0,0.5,0.57869511564092,0.13686292849925472,predicted_suppression,0.5
2,rap_plus_pathways,RRM2,inhibit,1.0,differential_expression_effect,0.6884224623231245,2.0,1,E2F Targets,0.40940627470332364,0.1729036245164883,-0.23650265018683533,0.23650265018683533,0.2688557263281265,0.4577557255066549,79508,1.0,0.5,0.5108778978282289,0.12082397675825542,predicted_suppression,0.5
3,rap_plus_pathways,GINS1,inhibit,1.0,differential_expression_effect,0.6352045905748,2.0,1,E2F Targets,0.40940627470332364,0.1729036245164883,-0.23650265018683533,0.23650265018683533,0.2688557263281265,0.4577557255066549,79508,1.0,0.5,0.48426896195406666,0.1145308929053645,predicted_suppression,0.5
4,rap_plus_pathways,MELK,inhibit,1.0,differential_expression_effect,0.5980906638233262,2.0,1,E2F Targets,0.40940627470332364,0.1729036245164883,-0.23650265018683533,0.23650265018683533,0.2688557263281265,0.4577557255066549,79508,1.0,0.5,0.46571199857832973,0.11014212188758267,predicted_suppression,0.5
5,rap_plus_pathways,KRT80,activate,-1.0,differential_expression_effect,0.6995790414627282,2.0,1,Keratinization R-HSA-6805567,0.40940627470332364,0.27901786449557814,-0.13038841020774544,0.13038841020774544,0.14125515391731963,0.25371086506517465,79508,1.0,0.5,0.5164561873980308,0.0673399012167827,predicted_suppression,0.5
6,rap_plus_pathways,IVL,activate,-1.0,differential_expression_effect,0.6192567491510668,2.0,1,Keratinization R-HSA-6805567,0.40940627470332364,0.27901786449557814,-0.13038841020774544,0.13038841020774544,0.14125515391731963,0.25371086506517465,79508,1.0,0.5,0.4762950412422,0.062103353217403005,predicted_suppression,0.5
7,rap_plus_pathways,CLU,activate,-1.0,differential_expression_effect,0.7603539739481504,2.0,0,,0.40940627470332364,0.29794086400062325,-0.11146541070270032,0.11146541070270032,0.11954609155741436,0.2176128850807605,79508,1.0,0.5,0.44684365364074186,0.04980761137296046,predicted_suppression,0.5
8,rap_plus_pathways,BCAS1,activate,-1.0,differential_expression_effect,0.6837812817613224,3.0,0,,0.40940627470332364,0.29794086400062325,-0.11146541070270032,0.11146541070270032,0.11954609155741436,0.2176128850807605,79508,1.0,0.5,0.4418906408806612,0.04925552177144236,predicted_suppression,0.5
9,rap_plus_pathways,MYO1B,activate,-1.0,differential_expression_effect,0.7054155897786791,2.0,0,,0.40940627470332364,0.29794086400062325,-0.11146541070270032,0.11146541070270032,0.11954609155741436,0.2176128850807605,79508,1.0,0.5,0.4193744615560062,0.04674574659556404,predicted_suppression,0.5
10,rap_plus_pathways,H4C3,inhibit,1.0,differential_expression_effect,0.705187779578552,2.0,0,,0.40940627470332364,0.29794086400062325,-0.11146541070270032,0.11146541070270032,0.11954609155741436,0.2176128850807605,79508,1.0,0.5,0.4192605564559427,0.04673305011680432,predicted_suppression,0.5
11,rap_plus_pathways,PHGDH,inhibit,1.0,differential_expression_effect,0.7003715177248218,2.0,0,,0.40940627470332364,0.29794086400062325,-0.11146541070270032,0.11146541070270032,0.11954609155741436,0.2176128850807605,79508,1.0,0.5,0.41685242552907753,0.046464626814015426,predicted_suppression,0.5
12,rap_plus_pathways,SDC2,activate,-1.0,differential_expression_effect,0.6971779366564773,2.0,0,,0.40940627470332364,0.29794086400062325,-0.11146541070270032,0.11146541070270032,0.11954609155741436,0.2176128850807605,79508,1.0,0.5,0.4152556349949053,0.04628663990131773,predicted_suppression,0.5
13,rap_plus_pathways,DHTKD1,inhibit,1.0,differential_expression_effect,0.6908306961041671,2.0,0,,0.40940627470332364,0.29794086400062325,-0.11146541070270032,0.11146541070270032,0.11954609155741436,0.2176128850807605,79508,1.0,0.5,0.4120820147187502,0.04593289101382169,predicted_suppression,0.5
14,rap_plus_pathways,NUDT3,inhibit,1.0,differential_expression_effect,0.6882075072090454,2.0,0,,0.40940627470332364,0.29794086400062325,-0.11146541070270032,0.11146541070270032,0.11954609155741436,0.2176128850807605,79508,1.0,0.5,0.4107704202711894,0.04578669360004894,predicted_suppression,0.5
15,rap_plus_pathways,ZWINT,inhibit,1.0,differential_expression_effect,0.6869889853380513,2.0,0,,0.40940627470332364,0.29794086400062325,-0.11146541070270032,0.11146541070270032,0.11954609155741436,0.2176128850807605,79508,1.0,0.5,0.4101611593356923,0.04571878207964865,predicted_suppression,0.5
16,rap_plus_pathways,YBX2,inhibit,1.0,differential_expression_effect,0.6835576591719393,2.0,0,,0.40940627470332364,0.29794086400062325,-0.11146541070270032,0.11146541070270032,0.11954609155741436,0.2176128850807605,79508,1.0,0.5,0.4084454962526363,0.04552754498946835,predicted_suppression,0.5
17,rap_plus_pathways,ARHGAP11A,inhibit,1.0,differential_expression_effect,0.6796115438135014,2.0,0,,0.40940627470332364,0.29794086400062325,-0.11146541070270032,0.11146541070270032,0.11954609155741436,0.2176128850807605,79508,1.0,0.5,0.40647243857341736,0.045307617304914095,predicted_suppression,0.5
18,rap_plus_pathways,NUF2,inhibit,1.0,differential_expression_effect,0.6675860052084984,2.0,0,,0.40940627470332364,0.29794086400062325,-0.11146541070270032,0.11146541070270032,0.11954609155741436,0.2176128850807605,79508,1.0,0.5,0.40045966927091586,0.04463740150515017,predicted_suppression,0.5
19,rap_plus_pathways,FBXO17,inhibit,1.0,differential_expression_effect,0.6531246883732527,2.0,0,,0.40940627470332364,0.29794086400062325,-0.11146541070270032,0.11146541070270032,0.11954609155741436,0.2176128850807605,79508,1.0,0.5,0.393229010853293,0.043831433194978904,predicted_suppression,0.5
20,rap_plus_pathways,NCF2,activate,-1.0,differential_expression_effect,0.6524182021795357,2.0,0,,0.40940627470332364,0.29794086400062325,-0.11146541070270032,0.11146541070270032,0.11954609155741436,0.2176128850807605,79508,1.0,0.5,0.3928757677564345,0.04379205880810968,predicted_suppression,0.5
21,rap_plus_pathways,KIF14,inhibit,1.0,differential_expression_effect,0.6503130591297537,2.0,0,,0.40940627470332364,0.29794086400062325,-0.11146541070270032,0.11146541070270032,0.11954609155741436,0.2176128850807605,79508,1.0,0.5,0.3918231962315435,0.04367473349079373,predicted_suppression,0.5
22,rap_plus_pathways,ENC1,activate,-1.0,differential_expression_effect,0.6496829350893555,2.0,0,,0.40940627470332364,0.29794086400062325,-0.11146541070270032,0.11146541070270032,0.11954609155741436,0.2176128850807605,79508,1.0,0.5,0.3915081342113444,0.04363961497331542,predicted_suppression,0.5
23,rap_plus_pathways,H4C8,activate,-1.0,differential_expression_effect,0.6461169056612761,2.0,0,,0.40940627470332364,0.29794086400062325,-0.11146541070270032,0.11146541070270032,0.11954609155741436,0.2176128850807605,79508,1.0,0.5,0.3897251194973047,0.04344087050592603,predicted_suppression,0.5
24,rap_plus_pathways,NCAPH,inhibit,1.0,differential_expression_effect,0.6304158464734002,2.0,0,,0.40940627470332364,0.29794086400062325,-0.11146541070270032,0.11146541070270032,0.11954609155741436,0.2176128850807605,79508,1.0,0.5,0.38187458990336676,0.04256580800050403,predicted_suppression,0.5
25,rap_plus_pathways,RND1,activate,-1.0,differential_expression_effect,0.625772321910648,2.0,0,,0.40940627470332364,0.29794086400062325,-0.11146541070270032,0.11146541070270032,0.11954609155741436,0.2176128850807605,79508,1.0,0.5,0.37955282762199066,0.042307011814256404,predicted_suppression,0.5
26,rap_plus_pathways,KIF20A,inhibit,1.0,differential_expression_effect,0.6085210341331331,2.0,0,,0.40940627470332364,0.29794086400062325,-0.11146541070270032,0.11146541070270032,0.11954609155741436,0.2176128850807605,79508,1.0,0.5,0.3709271837332332,0.041345550875620814,predicted_suppression,0.5
27,rap_plus_pathways,SYTL2,activate,-1.0,differential_expression_effect,0.607813155021956,2.0,0,,0.40940627470332364,0.29794086400062325,-0.11146541070270032,0.11146541070270032,0.11954609155741436,0.2176128850807605,79508,1.0,0.5,0.37057324417764465,0.04130609885769321,predicted_suppression,0.5
28,rap_plus_pathways,GPRC5A,activate,-1.0,differential_expression_effect,0.6065401780514027,2.0,0,,0.40940627470332364,0.29794086400062325,-0.11146541070270032,0.11146541070270032,0.11954609155741436,0.2176128850807605,79508,1.0,0.5,0.369936755692368,0.04123515240727431,predicted_suppression,0.5
29,rap_plus_pathways,ANXA1,activate,-1.0,differential_expression_effect,0.6065387251303759,2.0,0,,0.40940627470332364,0.29794086400062325,-0.11146541070270032,0.11146541070270032,0.11954609155741436,0.2176128850807605,79508,1.0,0.5,0.3699360292318546,0.04123507143205482,predicted_suppression,0.5
30,rap_plus_pathways,GAS2L3,inhibit,1.0,differential_expression_effect,0.6053413605080713,2.0,0,,0.40940627470332364,0.29794086400062325,-0.11146541070270032,0.11146541070270032,0.11954609155741436,0.2176128850807605,79508,1.0,0.5,0.3693373469207023,0.04116833906236179,predicted_suppression,0.5
31,rap_plus_pathways,MACC1,activate,-1.0,differential_expression_effect,0.5963635313460357,2.0,0,,0.40940627470332364,0.29794086400062325,-0.11146541070270032,0.11146541070270032,0.11954609155741436,0.2176128850807605,79508,1.0,0.5,0.3648484323396845,0.0406679803549793,predicted_suppression,0.5
32,rap_plus_pathways,IFI6,activate,-1.0,differential_expression_effect,0.8147518270098308,3.0,1,Interferon Alpha/Beta Signaling R-HSA-909733,0.40940627470332364,0.39092958205683304,-0.018476692646490565,0.018476692646490565,0.018730643704916367,0.036901456263430166,79508,1.0,0.5,0.6073759135049154,0.01122229807471176,predicted_suppression,0.5
33,rap_plus_pathways,ISG15,activate,-1.0,differential_expression_effect,0.6665757308663266,2.0,3,Interferon Alpha Response;Interferon Alpha/Beta Signaling R-HSA-909733;Interferon Gamma Response,0.40940627470332364,0.4494326848098234,0.040026410106499793,-0.040026410106499793,-0.03946055302095469,-4.508436137352784e-10,0,0.0,0.5,0.6999545320998299,-0.028016667157730966,predicted_worsening,0.5
34,rap_plus_pathways,IFI27,activate,-1.0,differential_expression_effect,0.6117934528541784,3.0,3,Interferon Alpha Response;Interferon Alpha/Beta Signaling R-HSA-909733;Interferon Gamma Response,0.40940627470332364,0.4494326848098234,0.040026410106499793,-0.040026410106499793,-0.03946055302095469,-4.508436137352784e-10,0,0.0,0.5,0.7058967264270891,-0.028254511864806358,predicted_worsening,0.5
35,rap_plus_pathways,AURKB,inhibit,1.0,differential_expression_effect,0.6030594551555394,2.0,2,E2F Targets;G2-M Checkpoint,0.40940627470332364,0.6446809692452311,0.23527469454190744,-0.23527469454190744,-0.22217741483211476,-8.85703767459089e-09,0,0.0,0.5,0.5681963942444364,-0.13368223309567298,predicted_worsening,0.5
36,rap_plus_pathways,CDC20,inhibit,1.0,differential_expression_effect,0.6363605104807625,2.0,2,E2F Targets;G2-M Checkpoint,0.40940627470332364,0.6446809692452311,0.23527469454190744,-0.23527469454190744,-0.22217741483211476,-8.85703767459089e-09,0,0.0,0.5,0.5848469219070479,-0.1375996809054555,predicted_worsening,0.5
37,rap_plus_pathways,PLK1,inhibit,1.0,differential_expression_effect,0.6453224467779706,2.0,2,E2F Targets;G2-M Checkpoint,0.40940627470332364,0.6446809692452311,0.23527469454190744,-0.23527469454190744,-0.22217741483211476,-8.85703767459089e-09,0,0.0,0.5,0.5893278900556519,-0.13865393931787032,predicted_worsening,0.5
38,rap_plus_pathways,H2AZ1,inhibit,1.0,differential_expression_effect,0.6153880489342868,3.0,2,E2F Targets;G2-M Checkpoint,0.40940627470332364,0.6446809692452311,0.23527469454190744,-0.23527469454190744,-0.22217741483211476,-8.85703767459089e-09,0,0.0,0.5,0.6076940244671434,-0.1429750259814496,predicted_worsening,0.5
39,rap_plus_pathways,CKS1B,inhibit,1.0,differential_expression_effect,0.6875863313758503,2.0,2,E2F Targets;G2-M Checkpoint,0.40940627470332364,0.6446809692452311,0.23527469454190744,-0.23527469454190744,-0.22217741483211476,-8.85703767459089e-09,0,0.0,0.5,0.6104598323545918,-0.1436257505873306,predicted_worsening,0.5
40,rap_plus_pathways,LMNB1,inhibit,1.0,differential_expression_effect,0.6887235532582613,2.0,2,E2F Targets;G2-M Checkpoint,0.40940627470332364,0.6446809692452311,0.23527469454190744,-0.23527469454190744,-0.22217741483211476,-8.85703767459089e-09,0,0.0,0.5,0.6110284432957973,-0.14375953035283592,predicted_worsening,0.5
41,rap_plus_pathways,MKI67,inhibit,1.0,differential_expression_effect,0.6708860019200854,4.0,2,E2F Targets;G2-M Checkpoint,0.40940627470332364,0.6446809692452311,0.23527469454190744,-0.23527469454190744,-0.22217741483211476,-8.85703767459089e-09,0,0.0,0.5,0.668776334293376,-0.15734614776773062,predicted_worsening,0.5
42,rap_plus_pathways,UBE2C,inhibit,1.0,differential_expression_effect,0.6201602651399948,2.0,1,G2-M Checkpoint,0.40940627470332364,0.7414759869729145,0.3320697122695908,-0.3320697122695908,-0.3127896365597188,-2.8750514993729307e-08,0,0.0,0.5,0.476746799236664,-0.1583131724479674,predicted_worsening,0.5
43,rap_plus_pathways,KNL1,inhibit,1.0,differential_expression_effect,0.6242033036182136,2.0,1,G2-M Checkpoint,0.40940627470332364,0.7414759869729145,0.3320697122695908,-0.3320697122695908,-0.3127896365597188,-2.8750514993729307e-08,0,0.0,0.5,0.47876831847577345,-0.1589844577600459,predicted_worsening,0.5
44,rap_plus_pathways,PBK,inhibit,1.0,differential_expression_effect,0.6421132486951168,2.0,1,G2-M Checkpoint,0.40940627470332364,0.7414759869729145,0.3320697122695908,-0.3320697122695908,-0.3127896365597188,-2.8750514993729307e-08,0,0.0,0.5,0.487723291014225,-0.1619581329142716,predicted_worsening,0.5
45,rap_plus_pathways,CCNA2,inhibit,1.0,differential_expression_effect,0.6722182796119277,2.0,1,G2-M Checkpoint,0.40940627470332364,0.7414759869729145,0.3320697122695908,-0.3320697122695908,-0.3127896365597188,-2.8750514993729307e-08,0,0.0,0.5,0.5027758064726305,-0.1669566173914779,predicted_worsening,0.5
46,rap_plus_pathways,KIF11,inhibit,1.0,differential_expression_effect,0.6880991043016356,2.0,1,G2-M Checkpoint,0.40940627470332364,0.7414759869729145,0.3320697122695908,-0.3320697122695908,-0.3127896365597188,-2.8750514993729307e-08,0,0.0,0.5,0.5107162188174844,-0.16959338783413544,predicted_worsening,0.5
47,rap_plus_pathways,PRC1,inhibit,1.0,differential_expression_effect,0.6915602903572053,2.0,1,G2-M Checkpoint,0.40940627470332364,0.7414759869729145,0.3320697122695908,-0.3320697122695908,-0.3127896365597188,-2.8750514993729307e-08,0,0.0,0.5,0.5124468118452693,-0.17016806536292772,predicted_worsening,0.5
48,rap_plus_pathways,TOP2A,inhibit,1.0,differential_expression_effect,0.7809166065664604,4.0,2,E2F Targets;G2-M Checkpoint,0.40940627470332364,0.6446809692452311,0.23527469454190744,-0.23527469454190744,-0.22217741483211476,-8.85703767459089e-09,0,0.0,0.5,0.7237916366165635,-0.17028985621694925,predicted_worsening,0.5
49,rap_plus_pathways,E2F1,inhibit,1.0,transition_model_effect,0.6874416343554115,3.0,1,G2-M Checkpoint,0.40940627470332364,0.7414759869729145,0.3320697122695908,-0.3320697122695908,-0.3127896365597188,-2.8750514993729307e-08,0,0.0,0.5,0.5437208171777057,-0.18055321531518753,predicted_worsening,0.5
50,rap_plus_pathways,CENPF,inhibit,1.0,differential_expression_effect,0.6703024014578206,4.0,1,G2-M Checkpoint,0.40940627470332364,0.7414759869729145,0.3320697122695908,-0.3320697122695908,-0.3127896365597188,-2.8750514993729307e-08,0,0.0,0.5,0.5684845340622436,-0.18877649565576166,predicted_worsening,0.5
1,rap_plus_pathways,HMGB2,inhibit,1.0,differential_expression_effect,0.7573902312818401,3.0,1,E2F Targets,0.40940627470332364,0.18024338079399854,-0.2291628939093251,0.2291628939093251,0.26017689414551953,0.44329465780680255,79508,1.0,0.75,0.57869511564092,0.13261544739146477,predicted_suppression,0.1
2,rap_plus_pathways,RRM2,inhibit,1.0,differential_expression_effect,0.6884224623231245,2.0,1,E2F Targets,0.40940627470332364,0.18024338079399854,-0.2291628939093251,0.2291628939093251,0.26017689414551953,0.44329465780680255,79508,1.0,0.75,0.5108778978282289,0.11707425750062944,predicted_suppression,0.1
3,rap_plus_pathways,GINS1,inhibit,1.0,differential_expression_effect,0.6352045905748,2.0,1,E2F Targets,0.40940627470332364,0.18024338079399854,-0.2291628939093251,0.2291628939093251,0.26017689414551953,0.44329465780680255,79508,1.0,0.75,0.48426896195406666,0.11097647675185877,predicted_suppression,0.1
4,rap_plus_pathways,MELK,inhibit,1.0,differential_expression_effect,0.5980906638233262,2.0,1,E2F Targets,0.40940627470332364,0.18024338079399854,-0.2291628939093251,0.2291628939093251,0.26017689414551953,0.44329465780680255,79508,1.0,0.75,0.46571199857832973,0.10672390932250554,predicted_suppression,0.1
5,rap_plus_pathways,KRT80,activate,-1.0,differential_expression_effect,0.6995790414627282,2.0,1,Keratinization R-HSA-6805567,0.40940627470332364,0.34705880870159617,-0.062347466001727504,0.062347466001727504,0.06470323381636994,0.12305690725198332,79508,1.0,0.75,0.5164561873980308,0.03219973458518053,predicted_suppression,0.1
6,rap_plus_pathways,IVL,activate,-1.0,differential_expression_effect,0.6192567491510668,2.0,1,Keratinization R-HSA-6805567,0.40940627470332364,0.34705880870159617,-0.062347466001727504,0.062347466001727504,0.06470323381636994,0.12305690725198332,79508,1.0,0.75,0.4762950412422,0.029695788890639466,predicted_suppression,0.1
7,rap_plus_pathways,CLU,activate,-1.0,differential_expression_effect,0.7603539739481504,2.0,0,,0.40940627470332364,0.3760977339969318,-0.03330854070639181,0.03330854070639181,0.03401874945575552,0.06624751772096132,79508,1.0,0.75,0.44684365364074186,0.014883710026685494,predicted_suppression,0.1
8,rap_plus_pathways,BCAS1,activate,-1.0,differential_expression_effect,0.6837812817613224,3.0,0,,0.40940627470332364,0.3760977339969318,-0.03330854070639181,0.03330854070639181,0.03401874945575552,0.06624751772096132,79508,1.0,0.75,0.4418906408806612,0.014718732399547069,predicted_suppression,0.1
9,rap_plus_pathways,MYO1B,activate,-1.0,differential_expression_effect,0.7054155897786791,2.0,0,,0.40940627470332364,0.3760977339969318,-0.03330854070639181,0.03330854070639181,0.03401874945575552,0.06624751772096132,79508,1.0,0.75,0.4193744615560062,0.01396875132395938,predicted_suppression,0.1
10,rap_plus_pathways,H4C3,inhibit,1.0,differential_expression_effect,0.705187779578552,2.0,0,,0.40940627470332364,0.3760977339969318,-0.03330854070639181,0.03330854070639181,0.03401874945575552,0.06624751772096132,79508,1.0,0.75,0.4192605564559427,0.013964957311297248,predicted_suppression,0.1
11,rap_plus_pathways,PHGDH,inhibit,1.0,differential_expression_effect,0.7003715177248218,2.0,0,,0.40940627470332364,0.3760977339969318,-0.03330854070639181,0.03330854070639181,0.03401874945575552,0.06624751772096132,79508,1.0,0.75,0.41685242552907753,0.01388474598429344,predicted_suppression,0.1
12,rap_plus_pathways,SDC2,activate,-1.0,differential_expression_effect,0.6971779366564773,2.0,0,,0.40940627470332364,0.3760977339969318,-0.03330854070639181,0.03330854070639181,0.03401874945575552,0.06624751772096132,79508,1.0,0.75,0.4152556349949053,0.013831559221786383,predicted_suppression,0.1
13,rap_plus_pathways,DHTKD1,inhibit,1.0,differential_expression_effect,0.6908306961041671,2.0,0,,0.40940627470332364,0.3760977339969318,-0.03330854070639181,0.03330854070639181,0.03401874945575552,0.06624751772096132,79508,1.0,0.75,0.4120820147187502,0.01372585056163144,predicted_suppression,0.1
14,rap_plus_pathways,NUDT3,inhibit,1.0,differential_expression_effect,0.6882075072090454,2.0,0,,0.40940627470332364,0.3760977339969318,-0.03330854070639181,0.03330854070639181,0.03401874945575552,0.06624751772096132,79508,1.0,0.75,0.4107704202711894,0.013682163264584582,predicted_suppression,0.1
15,rap_plus_pathways,ZWINT,inhibit,1.0,differential_expression_effect,0.6869889853380513,2.0,0,,0.40940627470332364,0.3760977339969318,-0.03330854070639181,0.03330854070639181,0.03401874945575552,0.06624751772096132,79508,1.0,0.75,0.4101611593356923,0.013661869671913764,predicted_suppression,0.1
16,rap_plus_pathways,YBX2,inhibit,1.0,differential_expression_effect,0.6835576591719393,2.0,0,,0.40940627470332364,0.3760977339969318,-0.03330854070639181,0.03330854070639181,0.03401874945575552,0.06624751772096132,79508,1.0,0.75,0.4084454962526363,0.01360472343827334,predicted_suppression,0.1
17,rap_plus_pathways,ARHGAP11A,inhibit,1.0,differential_expression_effect,0.6796115438135014,2.0,0,,0.40940627470332364,0.3760977339969318,-0.03330854070639181,0.03330854070639181,0.03401874945575552,0.06624751772096132,79508,1.0,0.75,0.40647243857341736,0.013539003766249016,predicted_suppression,0.1
18,rap_plus_pathways,NUF2,inhibit,1.0,differential_expression_effect,0.6675860052084984,2.0,0,,0.40940627470332364,0.3760977339969318,-0.03330854070639181,0.03330854070639181,0.03401874945575552,0.06624751772096132,79508,1.0,0.75,0.40045966927091586,0.013338727195178503,predicted_suppression,0.1
19,rap_plus_pathways,FBXO17,inhibit,1.0,differential_expression_effect,0.6531246883732527,2.0,0,,0.40940627470332364,0.3760977339969318,-0.03330854070639181,0.03330854070639181,0.03401874945575552,0.06624751772096132,79508,1.0,0.75,0.393229010853293,0.013097884514941096,predicted_suppression,0.1
20,rap_plus_pathways,NCF2,activate,-1.0,differential_expression_effect,0.6524182021795357,2.0,0,,0.40940627470332364,0.3760977339969318,-0.03330854070639181,0.03330854070639181,0.03401874945575552,0.06624751772096132,79508,1.0,0.75,0.3928757677564345,0.013086118502870133,predicted_suppression,0.1
21,rap_plus_pathways,KIF14,inhibit,1.0,differential_expression_effect,0.6503130591297537,2.0,0,,0.40940627470332364,0.3760977339969318,-0.03330854070639181,0.03330854070639181,0.03401874945575552,0.06624751772096132,79508,1.0,0.75,0.3918231962315435,0.013051058881386912,predicted_suppression,0.1
22,rap_plus_pathways,ENC1,activate,-1.0,differential_expression_effect,0.6496829350893555,2.0,0,,0.40940627470332364,0.3760977339969318,-0.03330854070639181,0.03330854070639181,0.03401874945575552,0.06624751772096132,79508,1.0,0.75,0.3915081342113444,0.013040564625262072,predicted_suppression,0.1
23,rap_plus_pathways,H4C8,activate,-1.0,differential_expression_effect,0.6461169056612761,2.0,0,,0.40940627470332364,0.3760977339969318,-0.03330854070639181,0.03330854070639181,0.03401874945575552,0.06624751772096132,79508,1.0,0.75,0.3897251194973047,0.012981175007079387,predicted_suppression,0.1
24,rap_plus_pathways,NCAPH,inhibit,1.0,differential_expression_effect,0.6304158464734002,2.0,0,,0.40940627470332364,0.3760977339969318,-0.03330854070639181,0.03330854070639181,0.03401874945575552,0.06624751772096132,79508,1.0,0.75,0.38187458990336676,0.01271968532253297,predicted_suppression,0.1
25,rap_plus_pathways,RND1,activate,-1.0,differential_expression_effect,0.625772321910648,2.0,0,,0.40940627470332364,0.3760977339969318,-0.03330854070639181,0.03330854070639181,0.03401874945575552,0.06624751772096132,79508,1.0,0.75,0.37955282762199066,0.01264235080907319,predicted_suppression,0.1
26,rap_plus_pathways,KIF20A,inhibit,1.0,differential_expression_effect,0.6085210341331331,2.0,0,,0.40940627470332364,0.3760977339969318,-0.03330854070639181,0.03330854070639181,0.03401874945575552,0.06624751772096132,79508,1.0,0.75,0.3709271837332332,0.012355043198485672,predicted_suppression,0.1
27,rap_plus_pathways,SYTL2,activate,-1.0,differential_expression_effect,0.607813155021956,2.0,0,,0.40940627470332364,0.3760977339969318,-0.03330854070639181,0.03330854070639181,0.03401874945575552,0.06624751772096132,79508,1.0,0.75,0.37057324417764465,0.012343253988390748,predicted_suppression,0.1
28,rap_plus_pathways,GPRC5A,activate,-1.0,differential_expression_effect,0.6065401780514027,2.0,0,,0.40940627470332364,0.3760977339969318,-0.03330854070639181,0.03330854070639181,0.03401874945575552,0.06624751772096132,79508,1.0,0.75,0.369936755692368,0.012322053485769762,predicted_suppression,0.1
29,rap_plus_pathways,ANXA1,activate,-1.0,differential_expression_effect,0.6065387251303759,2.0,0,,0.40940627470332364,0.3760977339969318,-0.03330854070639181,0.03330854070639181,0.03401874945575552,0.06624751772096132,79508,1.0,0.75,0.3699360292318546,0.012322029288430179,predicted_suppression,0.1
30,rap_plus_pathways,GAS2L3,inhibit,1.0,differential_expression_effect,0.6053413605080713,2.0,0,,0.40940627470332364,0.3760977339969318,-0.03330854070639181,0.03330854070639181,0.03401874945575552,0.06624751772096132,79508,1.0,0.75,0.3693373469207023,0.012302088054298967,predicted_suppression,0.1
31,rap_plus_pathways,MACC1,activate,-1.0,differential_expression_effect,0.5963635313460357,2.0,0,,0.40940627470332364,0.3760977339969318,-0.03330854070639181,0.03330854070639181,0.03401874945575552,0.06624751772096132,79508,1.0,0.75,0.3648484323396845,0.012152568860249619,predicted_suppression,0.1
32,rap_plus_pathways,IFI6,activate,-1.0,differential_expression_effect,0.8147518270098308,3.0,1,Interferon Alpha/Beta Signaling R-HSA-909733,0.40940627470332364,0.5096104024367509,0.10020412773342724,-0.10020412773342724,-0.0966846009852124,-1.5397971034436026e-09,0,0.0,0.75,0.6073759135049154,-0.060861573619053595,predicted_worsening,0.1
33,rap_plus_pathways,ISG15,activate,-1.0,differential_expression_effect,0.6665757308663266,2.0,3,Interferon Alpha Response;Interferon Alpha/Beta Signaling R-HSA-909733;Interferon Gamma Response,0.40940627470332364,0.5859967753697667,0.17659050066644294,-0.17659050066644294,-0.16741296592908883,-4.34430043909733e-09,0,0.0,0.75,0.6999545320998299,-0.12360532126725478,predicted_worsening,0.1
34,rap_plus_pathways,IFI27,activate,-1.0,differential_expression_effect,0.6117934528541784,3.0,3,Interferon Alpha Response;Interferon Alpha/Beta Signaling R-HSA-909733;Interferon Gamma Response,0.40940627470332364,0.5859967753697667,0.17659050066644294,-0.17659050066644294,-0.16741296592908883,-4.34430043909733e-09,0,0.0,0.75,0.7058967264270891,-0.12465465633856276,predicted_worsening,0.1
35,rap_plus_pathways,AURKB,inhibit,1.0,differential_expression_effect,0.6030594551555394,2.0,2,E2F Targets;G2-M Checkpoint,0.40940627470332364,0.8212411133634843,0.4118348386601606,-0.4118348386601606,-0.3919217728363596,-8.369160596463237e-08,0,0.0,0.75,0.5681963942444364,-0.23400307035094245,predicted_worsening,0.1
36,rap_plus_pathways,UBE2C,inhibit,1.0,differential_expression_effect,0.6201602651399948,2.0,1,G2-M Checkpoint,0.40940627470332364,0.9141591022051359,0.5047528275018122,-0.5047528275018122,-0.49185634901641084,-4.362681394379248e-07,0,0.0,0.75,0.476746799236664,-0.24063929491714495,predicted_worsening,0.1
37,rap_plus_pathways,CDC20,inhibit,1.0,differential_expression_effect,0.6363605104807625,2.0,2,E2F Targets;G2-M Checkpoint,0.40940627470332364,0.8212411133634843,0.4118348386601606,-0.4118348386601606,-0.3919217728363596,-8.369160596463237e-08,0,0.0,0.75,0.5848469219070479,-0.2408603377244806,predicted_worsening,0.1
38,rap_plus_pathways,KNL1,inhibit,1.0,differential_expression_effect,0.6242033036182136,2.0,1,G2-M Checkpoint,0.40940627470332364,0.9141591022051359,0.5047528275018122,-0.5047528275018122,-0.49185634901641084,-4.362681394379248e-07,0,0.0,0.75,0.47876831847577345,-0.24165966246893475,predicted_worsening,0.1
39,rap_plus_pathways,PLK1,inhibit,1.0,differential_expression_effect,0.6453224467779706,2.0,2,E2F Targets;G2-M Checkpoint,0.40940627470332364,0.8212411133634843,0.4118348386601606,-0.4118348386601606,-0.3919217728363596,-8.369160596463237e-08,0,0.0,0.75,0.5893278900556519,-0.24270575651900225,predicted_worsening,0.1
40,rap_plus_pathways,PBK,inhibit,1.0,differential_expression_effect,0.6421132486951168,2.0,1,G2-M Checkpoint,0.40940627470332364,0.9141591022051359,0.5047528275018122,-0.5047528275018122,-0.49185634901641084,-4.362681394379248e-07,0,0.0,0.75,0.487723291014225,-0.24617971017791926,predicted_worsening,0.1
41,rap_plus_pathways,H2AZ1,inhibit,1.0,differential_expression_effect,0.6153880489342868,3.0,2,E2F Targets;G2-M Checkpoint,0.40940627470332364,0.8212411133634843,0.4118348386601606,-0.4118348386601606,-0.3919217728363596,-8.369160596463237e-08,0,0.0,0.75,0.6076940244671434,-0.25026957052116966,predicted_worsening,0.1
42,rap_plus_pathways,CKS1B,inhibit,1.0,differential_expression_effect,0.6875863313758503,2.0,2,E2F Targets;G2-M Checkpoint,0.40940627470332364,0.8212411133634843,0.4118348386601606,-0.4118348386601606,-0.3919217728363596,-8.369160596463237e-08,0,0.0,0.75,0.6104598323545918,-0.25140862656626195,predicted_worsening,0.1
43,rap_plus_pathways,LMNB1,inhibit,1.0,differential_expression_effect,0.6887235532582613,2.0,2,E2F Targets;G2-M Checkpoint,0.40940627470332364,0.8212411133634843,0.4118348386601606,-0.4118348386601606,-0.3919217728363596,-8.369160596463237e-08,0,0.0,0.75,0.6110284432957973,-0.2516428003614938,predicted_worsening,0.1
44,rap_plus_pathways,CCNA2,inhibit,1.0,differential_expression_effect,0.6722182796119277,2.0,1,G2-M Checkpoint,0.40940627470332364,0.9141591022051359,0.5047528275018122,-0.5047528275018122,-0.49185634901641084,-4.362681394379248e-07,0,0.0,0.75,0.5027758064726305,-0.25377750991656417,predicted_worsening,0.1
45,rap_plus_pathways,KIF11,inhibit,1.0,differential_expression_effect,0.6880991043016356,2.0,1,G2-M Checkpoint,0.40940627470332364,0.9141591022051359,0.5047528275018122,-0.5047528275018122,-0.49185634901641084,-4.362681394379248e-07,0,0.0,0.75,0.5107162188174844,-0.2577854554991595,predicted_worsening,0.1
46,rap_plus_pathways,PRC1,inhibit,1.0,differential_expression_effect,0.6915602903572053,2.0,1,G2-M Checkpoint,0.40940627470332364,0.9141591022051359,0.5047528275018122,-0.5047528275018122,-0.49185634901641084,-4.362681394379248e-07,0,0.0,0.75,0.5124468118452693,-0.2586589772231888,predicted_worsening,0.1
47,rap_plus_pathways,E2F1,inhibit,1.0,transition_model_effect,0.6874416343554115,3.0,1,G2-M Checkpoint,0.40940627470332364,0.9141591022051359,0.5047528275018122,-0.5047528275018122,-0.49185634901641084,-4.362681394379248e-07,0,0.0,0.75,0.5437208171777057,-0.2744446198420428,predicted_worsening,0.1
48,rap_plus_pathways,MKI67,inhibit,1.0,differential_expression_effect,0.6708860019200854,4.0,2,E2F Targets;G2-M Checkpoint,0.40940627470332364,0.8212411133634843,0.4118348386601606,-0.4118348386601606,-0.3919217728363596,-8.369160596463237e-08,0,0.0,0.75,0.668776334293376,-0.2754253937334461,predicted_worsening,0.1
49,rap_plus_pathways,CENPF,inhibit,1.0,differential_expression_effect,0.6703024014578206,4.0,1,G2-M Checkpoint,0.40940627470332364,0.9141591022051359,0.5047528275018122,-0.5047528275018122,-0.49185634901641084,-4.362681394379248e-07,0,0.0,0.75,0.5684845340622436,-0.2869441759589677,predicted_worsening,0.1
50,rap_plus_pathways,TOP2A,inhibit,1.0,differential_expression_effect,0.7809166065664604,4.0,2,E2F Targets;G2-M Checkpoint,0.40940627470332364,0.8212411133634843,0.4118348386601606,-0.4118348386601606,-0.3919217728363596,-8.369160596463237e-08,0,0.0,0.75,0.7237916366165635,-0.29808261188955604,predicted_worsening,0.1
1,rap_plus_pathways,HMGB2,inhibit,1.0,differential_expression_effect,0.7573902312818401,3.0,1,E2F Targets,0.40940627470332364,0.1421495681289514,-0.2672567065743722,0.2672567065743722,0.30401500894857236,0.5196359083258519,79508,1.0,0.75,0.57869511564092,0.15466015071686776,predicted_suppression,0.25
2,rap_plus_pathways,RRM2,inhibit,1.0,differential_expression_effect,0.6884224623231245,2.0,1,E2F Targets,0.40940627470332364,0.1421495681289514,-0.2672567065743722,0.2672567065743722,0.30401500894857236,0.5196359083258519,79508,1.0,0.75,0.5108778978282289,0.1365355444352111,predicted_suppression,0.25
3,rap_plus_pathways,GINS1,inhibit,1.0,differential_expression_effect,0.6352045905748,2.0,1,E2F Targets,0.40940627470332364,0.1421495681289514,-0.2672567065743722,0.2672567065743722,0.30401500894857236,0.5196359083258519,79508,1.0,0.75,0.48426896195406666,0.1294241278680338,predicted_suppression,0.25
4,rap_plus_pathways,MELK,inhibit,1.0,differential_expression_effect,0.5980906638233262,2.0,1,E2F Targets,0.40940627470332364,0.1421495681289514,-0.2672567065743722,0.2672567065743722,0.30401500894857236,0.5196359083258519,79508,1.0,0.75,0.46571199857832973,0.12446465495221312,predicted_suppression,0.25
5,rap_plus_pathways,KRT80,activate,-1.0,differential_expression_effect,0.6995790414627282,2.0,1,Keratinization R-HSA-6805567,0.40940627470332364,0.2969183058781542,-0.11248796882516947,0.11248796882516947,0.12060934510615373,0.21956667979609718,79508,1.0,0.75,0.5164561873980308,0.05809510750759557,predicted_suppression,0.25
6,rap_plus_pathways,IVL,activate,-1.0,differential_expression_effect,0.6192567491510668,2.0,1,Keratinization R-HSA-6805567,0.40940627470332364,0.2969183058781542,-0.11248796882516947,0.11248796882516947,0.12060934510615373,0.21956667979609718,79508,1.0,0.75,0.4762950412422,0.0535774617508354,predicted_suppression,0.25
7,rap_plus_pathways,CLU,activate,-1.0,differential_expression_effect,0.7603539739481504,2.0,0,,0.40940627470332364,0.3257071702866739,-0.0836991044166497,0.0836991044166497,0.08818560352408499,0.16435731426421563,79508,1.0,0.75,0.44684365364074186,0.037400413623993704,predicted_suppression,0.25
8,rap_plus_pathways,BCAS1,activate,-1.0,differential_expression_effect,0.6837812817613224,3.0,0,,0.40940627470332364,0.3257071702866739,-0.0836991044166497,0.0836991044166497,0.08818560352408499,0.16435731426421563,79508,1.0,0.75,0.4418906408806612,0.036985850891810716,predicted_suppression,0.25
9,rap_plus_pathways,MYO1B,activate,-1.0,differential_expression_effect,0.7054155897786791,2.0,0,,0.40940627470332364,0.3257071702866739,-0.0836991044166497,0.0836991044166497,0.08818560352408499,0.16435731426421563,79508,1.0,0.75,0.4193744615560062,0.035101266847452406,predicted_suppression,0.25
10,rap_plus_pathways,H4C3,inhibit,1.0,differential_expression_effect,0.705187779578552,2.0,0,,0.40940627470332364,0.3257071702866739,-0.0836991044166497,0.0836991044166497,0.08818560352408499,0.16435731426421563,79508,1.0,0.75,0.4192605564559427,0.0350917330925886,predicted_suppression,0.25
11,rap_plus_pathways,PHGDH,inhibit,1.0,differential_expression_effect,0.7003715177248218,2.0,0,,0.40940627470332364,0.3257071702866739,-0.0836991044166497,0.0836991044166497,0.08818560352408499,0.16435731426421563,79508,1.0,0.75,0.41685242552907753,0.03489017469069195,predicted_suppression,0.25
12,rap_plus_pathways,SDC2,activate,-1.0,differential_expression_effect,0.6971779366564773,2.0,0,,0.40940627470332364,0.3257071702866739,-0.0836991044166497,0.0836991044166497,0.08818560352408499,0.16435731426421563,79508,1.0,0.75,0.4152556349949053,0.03475652475304075,predicted_suppression,0.25
13,rap_plus_pathways,DHTKD1,inhibit,1.0,differential_expression_effect,0.6908306961041671,2.0,0,,0.40940627470332364,0.3257071702866739,-0.0836991044166497,0.0836991044166497,0.08818560352408499,0.16435731426421563,79508,1.0,0.75,0.4120820147187502,0.034490895578168056,predicted_suppression,0.25
14,rap_plus_pathways,NUDT3,inhibit,1.0,differential_expression_effect,0.6882075072090454,2.0,0,,0.40940627470332364,0.3257071702866739,-0.0836991044166497,0.0836991044166497,0.08818560352408499,0.16435731426421563,79508,1.0,0.75,0.4107704202711894,0.034381116297549356,predicted_suppression,0.25
15,rap_plus_pathways,ZWINT,inhibit,1.0,differential_expression_effect,0.6869889853380513,2.0,0,,0.40940627470332364,0.3257071702866739,-0.0836991044166497,0.0836991044166497,0.08818560352408499,0.16435731426421563,79508,1.0,0.75,0.4101611593356923,0.0343301217028922,predicted_suppression,0.25
16,rap_plus_pathways,YBX2,inhibit,1.0,differential_expression_effect,0.6835576591719393,2.0,0,,0.40940627470332364,0.3257071702866739,-0.0836991044166497,0.0836991044166497,0.08818560352408499,0.16435731426421563,79508,1.0,0.75,0.4084454962526363,0.03418652223935971,predicted_suppression,0.25
17,rap_plus_pathways,ARHGAP11A,inhibit,1.0,differential_expression_effect,0.6796115438135014,2.0,0,,0.40940627470332364,0.3257071702866739,-0.0836991044166497,0.0836991044166497,0.08818560352408499,0.16435731426421563,79508,1.0,0.75,0.40647243857341736,0.03402137907864669,predicted_suppression,0.25
18,rap_plus_pathways,NUF2,inhibit,1.0,differential_expression_effect,0.6675860052084984,2.0,0,,0.40940627470332364,0.3257071702866739,-0.0836991044166497,0.0836991044166497,0.08818560352408499,0.16435731426421563,79508,1.0,0.75,0.40045966927091586,0.033518115672963394,predicted_suppression,0.25
19,rap_plus_pathways,FBXO17,inhibit,1.0,differential_expression_effect,0.6531246883732527,2.0,0,,0.40940627470332364,0.3257071702866739,-0.0836991044166497,0.0836991044166497,0.08818560352408499,0.16435731426421563,79508,1.0,0.75,0.393229010853293,0.03291291603906565,predicted_suppression,0.25
20,rap_plus_pathways,NCF2,activate,-1.0,differential_expression_effect,0.6524182021795357,2.0,0,,0.40940627470332364,0.3257071702866739,-0.0836991044166497,0.0836991044166497,0.08818560352408499,0.16435731426421563,79508,1.0,0.75,0.3928757677564345,0.03288334990821723,predicted_suppression,0.25
21,rap_plus_pathways,KIF14,inhibit,1.0,differential_expression_effect,0.6503130591297537,2.0,0,,0.40940627470332364,0.3257071702866739,-0.0836991044166497,0.0836991044166497,0.08818560352408499,0.16435731426421563,79508,1.0,0.75,0.3918231962315435,0.032795250614249385,predicted_suppression,0.25
22,rap_plus_pathways,ENC1,activate,-1.0,differential_expression_effect,0.6496829350893555,2.0,0,,0.40940627470332364,0.3257071702866739,-0.0836991044166497,0.0836991044166497,0.08818560352408499,0.16435731426421563,79508,1.0,0.75,0.3915081342113444,0.032768880205323016,predicted_suppression,0.25
23,rap_plus_pathways,H4C8,activate,-1.0,differential_expression_effect,0.6461169056612761,2.0,0,,0.40940627470332364,0.3257071702866739,-0.0836991044166497,0.0836991044166497,0.08818560352408499,0.16435731426421563,79508,1.0,0.75,0.3897251194973047,0.03261964347059619,predicted_suppression,0.25
24,rap_plus_pathways,NCAPH,inhibit,1.0,differential_expression_effect,0.6304158464734002,2.0,0,,0.40940627470332364,0.3257071702866739,-0.0836991044166497,0.0836991044166497,0.08818560352408499,0.16435731426421563,79508,1.0,0.75,0.38187458990336676,0.03196256117438718,predicted_suppression,0.25
25,rap_plus_pathways,RND1,activate,-1.0,differential_expression_effect,0.625772321910648,2.0,0,,0.40940627470332364,0.3257071702866739,-0.0836991044166497,0.0836991044166497,0.08818560352408499,0.16435731426421563,79508,1.0,0.75,0.37955282762199066,0.031768231750767637,predicted_suppression,0.25
26,rap_plus_pathways,KIF20A,inhibit,1.0,differential_expression_effect,0.6085210341331331,2.0,0,,0.40940627470332364,0.3257071702866739,-0.0836991044166497,0.0836991044166497,0.08818560352408499,0.16435731426421563,79508,1.0,0.75,0.3709271837332332,0.031046273082261693,predicted_suppression,0.25
27,rap_plus_pathways,SYTL2,activate,-1.0,differential_expression_effect,0.607813155021956,2.0,0,,0.40940627470332364,0.3257071702866739,-0.0836991044166497,0.0836991044166497,0.08818560352408499,0.16435731426421563,79508,1.0,0.75,0.37057324417764465,0.031016648658441302,predicted_suppression,0.25
28,rap_plus_pathways,GPRC5A,activate,-1.0,differential_expression_effect,0.6065401780514027,2.0,0,,0.40940627470332364,0.3257071702866739,-0.0836991044166497,0.0836991044166497,0.08818560352408499,0.16435731426421563,79508,1.0,0.75,0.369936755692368,0.03096337514225214,predicted_suppression,0.25
29,rap_plus_pathways,ANXA1,activate,-1.0,differential_expression_effect,0.6065387251303759,2.0,0,,0.40940627470332364,0.3257071702866739,-0.0836991044166497,0.0836991044166497,0.08818560352408499,0.16435731426421563,79508,1.0,0.75,0.3699360292318546,0.03096331433815777,predicted_suppression,0.25
30,rap_plus_pathways,GAS2L3,inhibit,1.0,differential_expression_effect,0.6053413605080713,2.0,0,,0.40940627470332364,0.3257071702866739,-0.0836991044166497,0.0836991044166497,0.08818560352408499,0.16435731426421563,79508,1.0,0.75,0.3693373469207023,0.030913205164884234,predicted_suppression,0.25
31,rap_plus_pathways,MACC1,activate,-1.0,differential_expression_effect,0.5963635313460357,2.0,0,,0.40940627470332364,0.3257071702866739,-0.0836991044166497,0.0836991044166497,0.08818560352408499,0.16435731426421563,79508,1.0,0.75,0.3648484323396845,0.030537487034650205,predicted_suppression,0.25
32,rap_plus_pathways,IFI6,activate,-1.0,differential_expression_effect,0.8147518270098308,3.0,1,Interferon Alpha/Beta Signaling R-HSA-909733,0.40940627470332364,0.4633471583829612,0.053940883679637626,-0.053940883679637626,-0.05280194357972046,-6.500355453124369e-10,0,0.0,0.75,0.6073759135049154,-0.032762393500182285,predicted_worsening,0.25
33,rap_plus_pathways,ISG15,activate,-1.0,differential_expression_effect,0.6665757308663266,2.0,3,Interferon Alpha Response;Interferon Alpha/Beta Signaling R-HSA-909733;Interferon Gamma Response,0.40940627470332364,0.5441708490494835,0.13476457434616007,-0.13476457434616007,-0.1288629080940896,-2.533585620754107e-09,0,0.0,0.75,0.6999545320998299,-0.09432907458009922,predicted_worsening,0.25
34,rap_plus_pathways,IFI27,activate,-1.0,differential_expression_effect,0.6117934528541784,3.0,3,Interferon Alpha Response;Interferon Alpha/Beta Signaling R-HSA-909733;Interferon Gamma Response,0.40940627470332364,0.5441708490494835,0.13476457434616007,-0.13476457434616007,-0.1288629080940896,-2.533585620754107e-09,0,0.0,0.75,0.7058967264270891,-0.09512987186929447,predicted_worsening,0.25
35,rap_plus_pathways,AURKB,inhibit,1.0,differential_expression_effect,0.6030594551555394,2.0,2,E2F Targets;G2-M Checkpoint,0.40940627470332364,0.7924149620217883,0.3830086873184646,-0.3830086873184646,-0.3632455392894805,-5.5824528598278476e-08,0,0.0,0.75,0.5681963942444364,-0.21762415509864635,predicted_worsening,0.25
36,rap_plus_pathways,CDC20,inhibit,1.0,differential_expression_effect,0.6363605104807625,2.0,2,E2F Targets;G2-M Checkpoint,0.40940627470332364,0.7924149620217883,0.3830086873184646,-0.3830086873184646,-0.3632455392894805,-5.5824528598278476e-08,0,0.0,0.75,0.5848469219070479,-0.224001451841863,predicted_worsening,0.25
37,rap_plus_pathways,PLK1,inhibit,1.0,differential_expression_effect,0.6453224467779706,2.0,2,E2F Targets;G2-M Checkpoint,0.40940627470332364,0.7924149620217883,0.3830086873184646,-0.3830086873184646,-0.3632455392894805,-5.5824528598278476e-08,0,0.0,0.75,0.5893278900556519,-0.22571770157037566,predicted_worsening,0.25
38,rap_plus_pathways,UBE2C,inhibit,1.0,differential_expression_effect,0.6201602651399948,2.0,1,G2-M Checkpoint,0.40940627470332364,0.8956624438027946,0.48625616909947084,-0.48625616909947084,-0.47053307184909626,-2.9262070562135843e-07,0,0.0,0.75,0.476746799236664,-0.2318210722272548,predicted_worsening,0.25
39,rap_plus_pathways,H2AZ1,inhibit,1.0,differential_expression_effect,0.6153880489342868,3.0,2,E2F Targets;G2-M Checkpoint,0.40940627470332364,0.7924149620217883,0.3830086873184646,-0.3830086873184646,-0.3632455392894805,-5.5824528598278476e-08,0,0.0,0.75,0.6076940244671434,-0.23275209060243549,predicted_worsening,0.25
40,rap_plus_pathways,KNL1,inhibit,1.0,differential_expression_effect,0.6242033036182136,2.0,1,G2-M Checkpoint,0.40940627470332364,0.8956624438027946,0.48625616909947084,-0.48625616909947084,-0.47053307184909626,-2.9262070562135843e-07,0,0.0,0.75,0.47876831847577345,-0.232804048428225,predicted_worsening,0.25
41,rap_plus_pathways,CKS1B,inhibit,1.0,differential_expression_effect,0.6875863313758503,2.0,2,E2F Targets;G2-M Checkpoint,0.40940627470332364,0.7924149620217883,0.3830086873184646,-0.3830086873184646,-0.3632455392894805,-5.5824528598278476e-08,0,0.0,0.75,0.6104598323545918,-0.23381141905078218,predicted_worsening,0.25
42,rap_plus_pathways,LMNB1,inhibit,1.0,differential_expression_effect,0.6887235532582613,2.0,2,E2F Targets;G2-M Checkpoint,0.40940627470332364,0.7924149620217883,0.3830086873184646,-0.3830086873184646,-0.3632455392894805,-5.5824528598278476e-08,0,0.0,0.75,0.6110284432957973,-0.23402920198096822,predicted_worsening,0.25
43,rap_plus_pathways,PBK,inhibit,1.0,differential_expression_effect,0.6421132486951168,2.0,1,G2-M Checkpoint,0.40940627470332364,0.8956624438027946,0.48625616909947084,-0.48625616909947084,-0.47053307184909626,-2.9262070562135843e-07,0,0.0,0.75,0.487723291014225,-0.2371584590691634,predicted_worsening,0.25
44,rap_plus_pathways,CCNA2,inhibit,1.0,differential_expression_effect,0.6722182796119277,2.0,1,G2-M Checkpoint,0.40940627470332364,0.8956624438027946,0.48625616909947084,-0.48625616909947084,-0.47053307184909626,-2.9262070562135843e-07,0,0.0,0.75,0.5027758064726305,-0.24447783757127825,predicted_worsening,0.25
45,rap_plus_pathways,KIF11,inhibit,1.0,differential_expression_effect,0.6880991043016356,2.0,1,G2-M Checkpoint,0.40940627470332364,0.8956624438027946,0.48625616909947084,-0.48625616909947084,-0.47053307184909626,-2.9262070562135843e-07,0,0.0,0.75,0.5107162188174844,-0.24833891205915706,predicted_worsening,0.25
46,rap_plus_pathways,PRC1,inhibit,1.0,differential_expression_effect,0.6915602903572053,2.0,1,G2-M Checkpoint,0.40940627470332364,0.8956624438027946,0.48625616909947084,-0.48625616909947084,-0.47053307184909626,-2.9262070562135843e-07,0,0.0,0.75,0.5124468118452693,-0.249180423595118,predicted_worsening,0.25
47,rap_plus_pathways,MKI67,inhibit,1.0,differential_expression_effect,0.6708860019200854,4.0,2,E2F Targets;G2-M Checkpoint,0.40940627470332364,0.7924149620217883,0.3830086873184646,-0.3830086873184646,-0.3632455392894805,-5.5824528598278476e-08,0,0.0,0.75,0.668776334293376,-0.2561471459073606,predicted_worsening,0.25
48,rap_plus_pathways,E2F1,inhibit,1.0,transition_model_effect,0.6874416343554115,3.0,1,G2-M Checkpoint,0.40940627470332364,0.8956624438027946,0.48625616909947084,-0.48625616909947084,-0.47053307184909626,-2.9262070562135843e-07,0,0.0,0.75,0.5437208171777057,-0.26438760162046493,predicted_worsening,0.25
49,rap_plus_pathways,CENPF,inhibit,1.0,differential_expression_effect,0.6703024014578206,4.0,1,G2-M Checkpoint,0.40940627470332364,0.8956624438027946,0.48625616909947084,-0.48625616909947084,-0.47053307184909626,-2.9262070562135843e-07,0,0.0,0.75,0.5684845340622436,-0.27642911172540424,predicted_worsening,0.25
50,rap_plus_pathways,TOP2A,inhibit,1.0,differential_expression_effect,0.7809166065664604,4.0,2,E2F Targets;G2-M Checkpoint,0.40940627470332364,0.7924149620217883,0.3830086873184646,-0.3830086873184646,-0.3632455392894805,-5.5824528598278476e-08,0,0.0,0.75,0.7237916366165635,-0.27721848463259313,predicted_worsening,0.25
1,rap_plus_pathways,HMGB2,inhibit,1.0,differential_expression_effect,0.7573902312818401,3.0,1,E2F Targets,0.40940627470332364,0.09109351803763169,-0.3183127566656919,0.3183127566656919,0.35663803710258646,0.6301727154056183,79508,1.0,0.75,0.57869511564092,0.18420603752863263,predicted_suppression,0.5
2,rap_plus_pathways,RRM2,inhibit,1.0,differential_expression_effect,0.6884224623231245,2.0,1,E2F Targets,0.40940627470332364,0.09109351803763169,-0.3183127566656919,0.3183127566656919,0.35663803710258646,0.6301727154056183,79508,1.0,0.75,0.5108778978282289,0.16261895197727724,predicted_suppression,0.5
3,rap_plus_pathways,GINS1,inhibit,1.0,differential_expression_effect,0.6352045905748,2.0,1,E2F Targets,0.40940627470332364,0.09109351803763169,-0.3183127566656919,0.3183127566656919,0.35663803710258646,0.6301727154056183,79508,1.0,0.75,0.48426896195406666,0.15414898824723203,predicted_suppression,0.5
4,rap_plus_pathways,MELK,inhibit,1.0,differential_expression_effect,0.5980906638233262,2.0,1,E2F Targets,0.40940627470332364,0.09109351803763169,-0.3183127566656919,0.3183127566656919,0.35663803710258646,0.6301727154056183,79508,1.0,0.75,0.46571199857832973,0.14824207007975693,predicted_suppression,0.5
5,rap_plus_pathways,KRT80,activate,-1.0,differential_expression_effect,0.6995790414627282,2.0,1,Keratinization R-HSA-6805567,0.40940627470332364,0.2177627704205356,-0.191643504282788,0.191643504282788,0.215349623572031,0.3705517485902462,79508,1.0,0.75,0.5164561873980308,0.09897547356148688,predicted_suppression,0.5
6,rap_plus_pathways,IVL,activate,-1.0,differential_expression_effect,0.6192567491510668,2.0,1,Keratinization R-HSA-6805567,0.40940627470332364,0.2177627704205356,-0.191643504282788,0.191643504282788,0.215349623572031,0.3705517485902462,79508,1.0,0.75,0.4762950412422,0.09127885077617025,predicted_suppression,0.5
7,rap_plus_pathways,CLU,activate,-1.0,differential_expression_effect,0.7603539739481504,2.0,0,,0.40940627470332364,0.24416913764489878,-0.16523713705842483,0.16523713705842483,0.182880140104619,0.3200685131727902,79508,1.0,0.75,0.44684365364074186,0.07383516604032257,predicted_suppression,0.5
8,rap_plus_pathways,BCAS1,activate,-1.0,differential_expression_effect,0.6837812817613224,3.0,0,,0.40940627470332364,0.24416913764489878,-0.16523713705842483,0.16523713705842483,0.182880140104619,0.3200685131727902,79508,1.0,0.75,0.4418906408806612,0.073016744392033,predicted_suppression,0.5
9,rap_plus_pathways,MYO1B,activate,-1.0,differential_expression_effect,0.7054155897786791,2.0,0,,0.40940627470332364,0.24416913764489878,-0.16523713705842483,0.16523713705842483,0.182880140104619,0.3200685131727902,79508,1.0,0.75,0.4193744615560062,0.06929623538293292,predicted_suppression,0.5
10,rap_plus_pathways,H4C3,inhibit,1.0,differential_expression_effect,0.705187779578552,2.0,0,,0.40940627470332364,0.24416913764489878,-0.16523713705842483,0.16523713705842483,0.182880140104619,0.3200685131727902,79508,1.0,0.75,0.4192605564559427,0.06927741403030206,predicted_suppression,0.5
11,rap_plus_pathways,PHGDH,inhibit,1.0,differential_expression_effect,0.7003715177248218,2.0,0,,0.40940627470332364,0.24416913764489878,-0.16523713705842483,0.16523713705842483,0.182880140104619,0.3200685131727902,79508,1.0,0.75,0.41685242552907753,0.068879501370285,predicted_suppression,0.5
12,rap_plus_pathways,SDC2,activate,-1.0,differential_expression_effect,0.6971779366564773,2.0,0,,0.40940627470332364,0.24416913764489878,-0.16523713705842483,0.16523713705842483,0.182880140104619,0.3200685131727902,79508,1.0,0.75,0.4152556349949053,0.0686156522739364,predicted_suppression,0.5
13,rap_plus_pathways,DHTKD1,inhibit,1.0,differential_expression_effect,0.6908306961041671,2.0,0,,0.40940627470332364,0.24416913764489878,-0.16523713705842483,0.16523713705842483,0.182880140104619,0.3200685131727902,79508,1.0,0.75,0.4120820147187502,0.06809125234539397,predicted_suppression,0.5
14,rap_plus_pathways,NUDT3,inhibit,1.0,differential_expression_effect,0.6882075072090454,2.0,0,,0.40940627470332364,0.24416913764489878,-0.16523713705842483,0.16523713705842483,0.182880140104619,0.3200685131727902,79508,1.0,0.75,0.4107704202711894,0.06787452823389728,predicted_suppression,0.5
15,rap_plus_pathways,ZWINT,inhibit,1.0,differential_expression_effect,0.6869889853380513,2.0,0,,0.40940627470332364,0.24416913764489878,-0.16523713705842483,0.16523713705842483,0.182880140104619,0.3200685131727902,79508,1.0,0.75,0.4101611593356923,0.06777385570119421,predicted_suppression,0.5
16,rap_plus_pathways,YBX2,inhibit,1.0,differential_expression_effect,0.6835576591719393,2.0,0,,0.40940627470332364,0.24416913764489878,-0.16523713705842483,0.16523713705842483,0.182880140104619,0.3200685131727902,79508,1.0,0.75,0.4084454962526363,0.06749036444519321,predicted_suppression,0.5
17,rap_plus_pathways,ARHGAP11A,inhibit,1.0,differential_expression_effect,0.6796115438135014,2.0,0,,0.40940627470332364,0.24416913764489878,-0.16523713705842483,0.16523713705842483,0.182880140104619,0.3200685131727902,79508,1.0,0.75,0.40647243857341736,0.06716434204302793,predicted_suppression,0.5
18,rap_plus_pathways,NUF2,inhibit,1.0,differential_expression_effect,0.6675860052084984,2.0,0,,0.40940627470332364,0.24416913764489878,-0.16523713705842483,0.16523713705842483,0.182880140104619,0.3200685131727902,79508,1.0,0.75,0.40045966927091586,0.0661708092576898,predicted_suppression,0.5
19,rap_plus_pathways,FBXO17,inhibit,1.0,differential_expression_effect,0.6531246883732527,2.0,0,,0.40940627470332364,0.24416913764489878,-0.16523713705842483,0.16523713705842483,0.182880140104619,0.3200685131727902,79508,1.0,0.75,0.393229010853293,0.06497603596171439,predicted_suppression,0.5
20,rap_plus_pathways,NCF2,activate,-1.0,differential_expression_effect,0.6524182021795357,2.0,0,,0.40940627470332364,0.24416913764489878,-0.16523713705842483,0.16523713705842483,0.182880140104619,0.3200685131727902,79508,1.0,0.75,0.3928757677564345,0.06491766708370385,predicted_suppression,0.5
21,rap_plus_pathways,KIF14,inhibit,1.0,differential_expression_effect,0.6503130591297537,2.0,0,,0.40940627470332364,0.24416913764489878,-0.16523713705842483,0.16523713705842483,0.182880140104619,0.3200685131727902,79508,1.0,0.75,0.3918231962315435,0.06474374317838164,predicted_suppression,0.5
22,rap_plus_pathways,ENC1,activate,-1.0,differential_expression_effect,0.6496829350893555,2.0,0,,0.40940627470332364,0.24416913764489878,-0.16523713705842483,0.16523713705842483,0.182880140104619,0.3200685131727902,79508,1.0,0.75,0.3915081342113444,0.06469168323216809,predicted_suppression,0.5
23,rap_plus_pathways,H4C8,activate,-1.0,differential_expression_effect,0.6461169056612761,2.0,0,,0.40940627470332364,0.24416913764489878,-0.16523713705842483,0.16523713705842483,0.182880140104619,0.3200685131727902,79508,1.0,0.75,0.3897251194973047,0.06439706298548713,predicted_suppression,0.5
24,rap_plus_pathways,NCAPH,inhibit,1.0,differential_expression_effect,0.6304158464734002,2.0,0,,0.40940627470332364,0.24416913764489878,-0.16523713705842483,0.16523713705842483,0.182880140104619,0.3200685131727902,79508,1.0,0.75,0.38187458990336676,0.06309986395099239,predicted_suppression,0.5
25,rap_plus_pathways,RND1,activate,-1.0,differential_expression_effect,0.625772321910648,2.0,0,,0.40940627470332364,0.24416913764489878,-0.16523713705842483,0.16523713705842483,0.182880140104619,0.3200685131727902,79508,1.0,0.75,0.37955282762199066,0.06271622259868756,predicted_suppression,0.5
26,rap_plus_pathways,KIF20A,inhibit,1.0,differential_expression_effect,0.6085210341331331,2.0,0,,0.40940627470332364,0.24416913764489878,-0.16523713705842483,0.16523713705842483,0.182880140104619,0.3200685131727902,79508,1.0,0.75,0.3709271837332332,0.06129094589722378,predicted_suppression,0.5
27,rap_plus_pathways,SYTL2,activate,-1.0,differential_expression_effect,0.607813155021956,2.0,0,,0.40940627470332364,0.24416913764489878,-0.16523713705842483,0.16523713705842483,0.182880140104619,0.3200685131727902,79508,1.0,0.75,0.37057324417764465,0.061232461938366595,predicted_suppression,0.5
28,rap_plus_pathways,GPRC5A,activate,-1.0,differential_expression_effect,0.6065401780514027,2.0,0,,0.40940627470332364,0.24416913764489878,-0.16523713705842483,0.16523713705842483,0.182880140104619,0.3200685131727902,79508,1.0,0.75,0.369936755692368,0.061127290403288834,predicted_suppression,0.5
29,rap_plus_pathways,ANXA1,activate,-1.0,differential_expression_effect,0.6065387251303759,2.0,0,,0.40940627470332364,0.24416913764489878,-0.16523713705842483,0.16523713705842483,0.182880140104619,0.3200685131727902,79508,1.0,0.75,0.3699360292318546,0.06112717036503341,predicted_suppression,0.5
30,rap_plus_pathways,GAS2L3,inhibit,1.0,differential_expression_effect,0.6053413605080713,2.0,0,,0.40940627470332364,0.24416913764489878,-0.16523713705842483,0.16523713705842483,0.182880140104619,0.3200685131727902,79508,1.0,0.75,0.3693373469207023,0.061028245813931084,predicted_suppression,0.5
31,rap_plus_pathways,MACC1,activate,-1.0,differential_expression_effect,0.5963635313460357,2.0,0,,0.40940627470332364,0.24416913764489878,-0.16523713705842483,0.16523713705842483,0.182880140104619,0.3200685131727902,79508,1.0,0.75,0.3648484323396845,0.06028651042006389,predicted_suppression,0.5
32,rap_plus_pathways,IFI6,activate,-1.0,differential_expression_effect,0.8147518270098308,3.0,1,Interferon Alpha/Beta Signaling R-HSA-909733,0.40940627470332364,0.3816342526391735,-0.027772022064150113,0.027772022064150113,0.028272283856920294,0.05532079119692879,79508,1.0,0.75,0.6073759135049154,0.01686805727109184,predicted_suppression,0.5
33,rap_plus_pathways,ISG15,activate,-1.0,differential_expression_effect,0.6665757308663266,2.0,3,Interferon Alpha Response;Interferon Alpha/Beta Signaling R-HSA-909733;Interferon Gamma Response,0.40940627470332364,0.46894356745584065,0.05953729275251696,-0.05953729275251696,-0.05819297555190378,-7.377519473238563e-10,0,0.0,0.75,0.6999545320998299,-0.0416733978910786,predicted_worsening,0.5
34,rap_plus_pathways,IFI27,activate,-1.0,differential_expression_effect,0.6117934528541784,3.0,3,Interferon Alpha Response;Interferon Alpha/Beta Signaling R-HSA-909733;Interferon Gamma Response,0.40940627470332364,0.46894356745584065,0.05953729275251696,-0.05953729275251696,-0.05819297555190378,-7.377519473238563e-10,0,0.0,0.75,0.7058967264270891,-0.04202718005433298,predicted_worsening,0.5
35,rap_plus_pathways,AURKB,inhibit,1.0,differential_expression_effect,0.6030594551555394,2.0,2,E2F Targets;G2-M Checkpoint,0.40940627470332364,0.7398989450367097,0.3304926703333861,-0.3304926703333861,-0.31131547608187893,-2.818647206675881e-08,0,0.0,0.75,0.5681963942444364,-0.1877847436076452,predicted_worsening,0.5
36,rap_plus_pathways,CDC20,inhibit,1.0,differential_expression_effect,0.6363605104807625,2.0,2,E2F Targets;G2-M Checkpoint,0.40940627470332364,0.7398989450367097,0.3304926703333861,-0.3304926703333861,-0.31131547608187893,-2.818647206675881e-08,0,0.0,0.75,0.5848469219070479,-0.19328762095732158,predicted_worsening,0.5
37,rap_plus_pathways,PLK1,inhibit,1.0,differential_expression_effect,0.6453224467779706,2.0,2,E2F Targets;G2-M Checkpoint,0.40940627470332364,0.7398989450367097,0.3304926703333861,-0.3304926703333861,-0.31131547608187893,-2.818647206675881e-08,0,0.0,0.75,0.5893278900556519,-0.19476854808643257,predicted_worsening,0.5
38,rap_plus_pathways,H2AZ1,inhibit,1.0,differential_expression_effect,0.6153880489342868,3.0,2,E2F Targets;G2-M Checkpoint,0.40940627470332364,0.7398989450367097,0.3304926703333861,-0.3304926703333861,-0.31131547608187893,-2.818647206675881e-08,0,0.0,0.75,0.6076940244671434,-0.20083842089178827,predicted_worsening,0.5
39,rap_plus_pathways,CKS1B,inhibit,1.0,differential_expression_effect,0.6875863313758503,2.0,2,E2F Targets;G2-M Checkpoint,0.40940627470332364,0.7398989450367097,0.3304926703333861,-0.3304926703333861,-0.31131547608187893,-2.818647206675881e-08,0,0.0,0.75,0.6104598323545918,-0.20175250012614024,predicted_worsening,0.5
40,rap_plus_pathways,LMNB1,inhibit,1.0,differential_expression_effect,0.6887235532582613,2.0,2,E2F Targets;G2-M Checkpoint,0.40940627470332364,0.7398989450367097,0.3304926703333861,-0.3304926703333861,-0.31131547608187893,-2.818647206675881e-08,0,0.0,0.75,0.6110284432957973,-0.20194042187448003,predicted_worsening,0.5
41,rap_plus_pathways,UBE2C,inhibit,1.0,differential_expression_effect,0.6201602651399948,2.0,1,G2-M Checkpoint,0.40940627470332364,0.8589873039712825,0.44958102926795906,-0.44958102926795906,-0.4310465795933402,-1.5015378094938566e-07,0,0.0,0.75,0.476746799236664,-0.21433631670102446,predicted_worsening,0.5
42,rap_plus_pathways,KNL1,inhibit,1.0,differential_expression_effect,0.6242033036182136,2.0,1,G2-M Checkpoint,0.40940627470332364,0.8589873039712825,0.44958102926795906,-0.44958102926795906,-0.4310465795933402,-1.5015378094938566e-07,0,0.0,0.75,0.47876831847577345,-0.21524515340122824,predicted_worsening,0.5
43,rap_plus_pathways,PBK,inhibit,1.0,differential_expression_effect,0.6421132486951168,2.0,1,G2-M Checkpoint,0.40940627470332364,0.8589873039712825,0.44958102926795906,-0.44958102926795906,-0.4310465795933402,-1.5015378094938566e-07,0,0.0,0.75,0.487723291014225,-0.21927113917213162,predicted_worsening,0.5
44,rap_plus_pathways,MKI67,inhibit,1.0,differential_expression_effect,0.6708860019200854,4.0,2,E2F Targets;G2-M Checkpoint,0.40940627470332364,0.7398989450367097,0.3304926703333861,-0.3304926703333861,-0.31131547608187893,-2.818647206675881e-08,0,0.0,0.75,0.668776334293376,-0.22102567657639113,predicted_worsening,0.5
45,rap_plus_pathways,CCNA2,inhibit,1.0,differential_expression_effect,0.6722182796119277,2.0,1,G2-M Checkpoint,0.40940627470332364,0.8589873039712825,0.44958102926795906,-0.44958102926795906,-0.4310465795933402,-1.5015378094938566e-07,0,0.0,0.75,0.5027758064726305,-0.22603846456499344,predicted_worsening,0.5
46,rap_plus_pathways,KIF11,inhibit,1.0,differential_expression_effect,0.6880991043016356,2.0,1,G2-M Checkpoint,0.40940627470332364,0.8589873039712825,0.44958102926795906,-0.44958102926795906,-0.4310465795933402,-1.5015378094938566e-07,0,0.0,0.75,0.5107162188174844,-0.22960832331980485,predicted_worsening,0.5
47,rap_plus_pathways,PRC1,inhibit,1.0,differential_expression_effect,0.6915602903572053,2.0,1,G2-M Checkpoint,0.40940627470332364,0.8589873039712825,0.44958102926795906,-0.44958102926795906,-0.4310465795933402,-1.5015378094938566e-07,0,0.0,0.75,0.5124468118452693,-0.23038636511448032,predicted_worsening,0.5
48,rap_plus_pathways,TOP2A,inhibit,1.0,differential_expression_effect,0.7809166065664604,4.0,2,E2F Targets;G2-M Checkpoint,0.40940627470332364,0.7398989450367097,0.3304926703333861,-0.3304926703333861,-0.31131547608187893,-2.818647206675881e-08,0,0.0,0.75,0.7237916366165635,-0.2392078307503799,predicted_worsening,0.5
49,rap_plus_pathways,E2F1,inhibit,1.0,transition_model_effect,0.6874416343554115,3.0,1,G2-M Checkpoint,0.40940627470332364,0.8589873039712825,0.44958102926795906,-0.44958102926795906,-0.4310465795933402,-1.5015378094938566e-07,0,0.0,0.75,0.5437208171777057,-0.24444656462116873,predicted_worsening,0.5
50,rap_plus_pathways,CENPF,inhibit,1.0,differential_expression_effect,0.6703024014578206,4.0,1,G2-M Checkpoint,0.40940627470332364,0.8589873039712825,0.44958102926795906,-0.44958102926795906,-0.4310465795933402,-1.5015378094938566e-07,0,0.0,0.75,0.5684845340622436,-0.25557986194661964,predicted_worsening,0.5
1,rap_plus_pathways,HMGB2,inhibit,1.0,differential_expression_effect,0.7573902312818401,3.0,1,E2F Targets,0.40940627470332364,0.12209099207483064,-0.287315282628493,0.287315282628493,0.3261705608572927,0.5615528909400096,79508,1.0,1.0,0.57869511564092,0.16626795070609937,predicted_suppression,0.1
2,rap_plus_pathways,RRM2,inhibit,1.0,differential_expression_effect,0.6884224623231245,2.0,1,E2F Targets,0.40940627470332364,0.12209099207483064,-0.287315282628493,0.287315282628493,0.3261705608572927,0.5615528909400096,79508,1.0,1.0,0.5108778978282289,0.14678302760316794,predicted_suppression,0.1
3,rap_plus_pathways,GINS1,inhibit,1.0,differential_expression_effect,0.6352045905748,2.0,1,E2F Targets,0.40940627470332364,0.12209099207483064,-0.287315282628493,0.287315282628493,0.3261705608572927,0.5615528909400096,79508,1.0,1.0,0.48426896195406666,0.13913787367203959,predicted_suppression,0.1
4,rap_plus_pathways,MELK,inhibit,1.0,differential_expression_effect,0.5980906638233262,2.0,1,E2F Targets,0.40940627470332364,0.12209099207483064,-0.287315282628493,0.287315282628493,0.3261705608572927,0.5615528909400096,79508,1.0,1.0,0.46571199857832973,0.13380617449501314,predicted_suppression,0.1
5,rap_plus_pathways,KRT80,activate,-1.0,differential_expression_effect,0.6995790414627282,2.0,1,Keratinization R-HSA-6805567,0.40940627470332364,0.326187065803884,-0.08321920889943961,0.08321920889943961,0.0876349667531716,0.1634327974796022,79508,1.0,1.0,0.5164561873980308,0.04297907534648485,predicted_suppression,0.1
6,rap_plus_pathways,IVL,activate,-1.0,differential_expression_effect,0.6192567491510668,2.0,1,Keratinization R-HSA-6805567,0.40940627470332364,0.326187065803884,-0.08321920889943961,0.08321920889943961,0.0876349667531716,0.1634327974796022,79508,1.0,1.0,0.4762950412422,0.03963689653490185,predicted_suppression,0.1
7,rap_plus_pathways,CLU,activate,-1.0,differential_expression_effect,0.7603539739481504,2.0,0,,0.40940627470332364,0.3649105449869275,-0.04449572971639618,0.04449572971639618,0.045666638198809395,0.08822956892189882,79508,1.0,1.0,0.44684365364074186,0.0198826344378854,predicted_suppression,0.1
8,rap_plus_pathways,BCAS1,activate,-1.0,differential_expression_effect,0.6837812817613224,3.0,0,,0.40940627470332364,0.3649105449869275,-0.04449572971639618,0.04449572971639618,0.045666638198809395,0.08822956892189882,79508,1.0,1.0,0.4418906408806612,0.01966224652083099,predicted_suppression,0.1
9,rap_plus_pathways,MYO1B,activate,-1.0,differential_expression_effect,0.7054155897786791,2.0,0,,0.40940627470332364,0.3649105449869275,-0.04449572971639618,0.04449572971639618,0.045666638198809395,0.08822956892189882,79508,1.0,1.0,0.4193744615560062,0.018660372691355235,predicted_suppression,0.1
10,rap_plus_pathways,H4C3,inhibit,1.0,differential_expression_effect,0.705187779578552,2.0,0,,0.40940627470332364,0.3649105449869275,-0.04449572971639618,0.04449572971639618,0.045666638198809395,0.08822956892189882,79508,1.0,1.0,0.4192605564559427,0.018655304400809487,predicted_suppression,0.1
11,rap_plus_pathways,PHGDH,inhibit,1.0,differential_expression_effect,0.7003715177248218,2.0,0,,0.40940627470332364,0.3649105449869275,-0.04449572971639618,0.04449572971639618,0.045666638198809395,0.08822956892189882,79508,1.0,1.0,0.41685242552907753,0.018548152857966002,predicted_suppression,0.1
12,rap_plus_pathways,SDC2,activate,-1.0,differential_expression_effect,0.6971779366564773,2.0,0,,0.40940627470332364,0.3649105449869275,-0.04449572971639618,0.04449572971639618,0.045666638198809395,0.08822956892189882,79508,1.0,1.0,0.4152556349949053,0.018477102497943775,predicted_suppression,0.1
13,rap_plus_pathways,DHTKD1,inhibit,1.0,differential_expression_effect,0.6908306961041671,2.0,0,,0.40940627470332364,0.3649105449869275,-0.04449572971639618,0.04449572971639618,0.045666638198809395,0.08822956892189882,79508,1.0,1.0,0.4120820147187502,0.018335889947913502,predicted_suppression,0.1
14,rap_plus_pathways,NUDT3,inhibit,1.0,differential_expression_effect,0.6882075072090454,2.0,0,,0.40940627470332364,0.3649105449869275,-0.04449572971639618,0.04449572971639618,0.045666638198809395,0.08822956892189882,79508,1.0,1.0,0.4107704202711894,0.01827752959587731,predicted_suppression,0.1
15,rap_plus_pathways,ZWINT,inhibit,1.0,differential_expression_effect,0.6869889853380513,2.0,0,,0.40940627470332364,0.3649105449869275,-0.04449572971639618,0.04449572971639618,0.045666638198809395,0.08822956892189882,79508,1.0,1.0,0.4101611593356923,0.018250420085964673,predicted_suppression,0.1
16,rap_plus_pathways,YBX2,inhibit,1.0,differential_expression_effect,0.6835576591719393,2.0,0,,0.40940627470332364,0.3649105449869275,-0.04449572971639618,0.04449572971639618,0.045666638198809395,0.08822956892189882,79508,1.0,1.0,0.4084454962526363,0.018174080405136617,predicted_suppression,0.1
17,rap_plus_pathways,ARHGAP11A,inhibit,1.0,differential_expression_effect,0.6796115438135014,2.0,0,,0.40940627470332364,0.3649105449869275,-0.04449572971639618,0.04449572971639618,0.045666638198809395,0.08822956892189882,79508,1.0,1.0,0.40647243857341736,0.01808628776392723,predicted_suppression,0.1
18,rap_plus_pathways,NUF2,inhibit,1.0,differential_expression_effect,0.6675860052084984,2.0,0,,0.40940627470332364,0.3649105449869275,-0.04449572971639618,0.04449572971639618,0.045666638198809395,0.08822956892189882,79508,1.0,1.0,0.40045966927091586,0.017818745206196078,predicted_suppression,0.1
19,rap_plus_pathways,FBXO17,inhibit,1.0,differential_expression_effect,0.6531246883732527,2.0,0,,0.40940627470332364,0.3649105449869275,-0.04449572971639618,0.04449572971639618,0.045666638198809395,0.08822956892189882,79508,1.0,1.0,0.393229010853293,0.017497011783573945,predicted_suppression,0.1
20,rap_plus_pathways,NCF2,activate,-1.0,differential_expression_effect,0.6524182021795357,2.0,0,,0.40940627470332364,0.3649105449869275,-0.04449572971639618,0.04449572971639618,0.045666638198809395,0.08822956892189882,79508,1.0,1.0,0.3928757677564345,0.01748129397421195,predicted_suppression,0.1
21,rap_plus_pathways,KIF14,inhibit,1.0,differential_expression_effect,0.6503130591297537,2.0,0,,0.40940627470332364,0.3649105449869275,-0.04449572971639618,0.04449572971639618,0.045666638198809395,0.08822956892189882,79508,1.0,1.0,0.3918231962315435,0.017434459036133224,predicted_suppression,0.1
22,rap_plus_pathways,ENC1,activate,-1.0,differential_expression_effect,0.6496829350893555,2.0,0,,0.40940627470332364,0.3649105449869275,-0.04449572971639618,0.04449572971639618,0.045666638198809395,0.08822956892189882,79508,1.0,1.0,0.3915081342113444,0.017420440121638542,predicted_suppression,0.1
23,rap_plus_pathways,H4C8,activate,-1.0,differential_expression_effect,0.6461169056612761,2.0,0,,0.40940627470332364,0.3649105449869275,-0.04449572971639618,0.04449572971639618,0.045666638198809395,0.08822956892189882,79508,1.0,1.0,0.3897251194973047,0.017341103580842274,predicted_suppression,0.1
24,rap_plus_pathways,NCAPH,inhibit,1.0,differential_expression_effect,0.6304158464734002,2.0,0,,0.40940627470332364,0.3649105449869275,-0.04449572971639618,0.04449572971639618,0.045666638198809395,0.08822956892189882,79508,1.0,1.0,0.38187458990336676,0.016991788537899843,predicted_suppression,0.1
25,rap_plus_pathways,RND1,activate,-1.0,differential_expression_effect,0.625772321910648,2.0,0,,0.40940627470332364,0.3649105449869275,-0.04449572971639618,0.04449572971639618,0.045666638198809395,0.08822956892189882,79508,1.0,1.0,0.37955282762199066,0.016888480030962008,predicted_suppression,0.1
26,rap_plus_pathways,KIF20A,inhibit,1.0,differential_expression_effect,0.6085210341331331,2.0,0,,0.40940627470332364,0.3649105449869275,-0.04449572971639618,0.04449572971639618,0.045666638198809395,0.08822956892189882,79508,1.0,1.0,0.3709271837332332,0.016504675711857972,predicted_suppression,0.1
27,rap_plus_pathways,SYTL2,activate,-1.0,differential_expression_effect,0.607813155021956,2.0,0,,0.40940627470332364,0.3649105449869275,-0.04449572971639618,0.04449572971639618,0.045666638198809395,0.08822956892189882,79508,1.0,1.0,0.37057324417764465,0.016488926913056562,predicted_suppression,0.1
28,rap_plus_pathways,GPRC5A,activate,-1.0,differential_expression_effect,0.6065401780514027,2.0,0,,0.40940627470332364,0.3649105449869275,-0.04449572971639618,0.04449572971639618,0.045666638198809395,0.08822956892189882,79508,1.0,1.0,0.369936755692368,0.016460605893448093,predicted_suppression,0.1
29,rap_plus_pathways,ANXA1,activate,-1.0,differential_expression_effect,0.6065387251303759,2.0,0,,0.40940627470332364,0.3649105449869275,-0.04449572971639618,0.04449572971639618,0.045666638198809395,0.08822956892189882,79508,1.0,1.0,0.3699360292318546,0.01646057356905744,predicted_suppression,0.1
30,rap_plus_pathways,GAS2L3,inhibit,1.0,differential_expression_effect,0.6053413605080713,2.0,0,,0.40940627470332364,0.3649105449869275,-0.04449572971639618,0.04449572971639618,0.045666638198809395,0.08822956892189882,79508,1.0,1.0,0.3693373469207023,0.01643393476275442,predicted_suppression,0.1
31,rap_plus_pathways,MACC1,activate,-1.0,differential_expression_effect,0.5963635313460357,2.0,0,,0.40940627470332364,0.3649105449869275,-0.04449572971639618,0.04449572971639618,0.045666638198809395,0.08822956892189882,79508,1.0,1.0,0.3648484323396845,0.016234197232837463,predicted_suppression,0.1
32,rap_plus_pathways,IFI6,activate,-1.0,differential_expression_effect,0.8147518270098308,3.0,1,Interferon Alpha/Beta Signaling R-HSA-909733,0.40940627470332364,0.5406535962566391,0.1312473215533154,-0.1312473215533154,-0.12558449931492488,-2.4153298761653305e-09,0,0.0,1.0,0.6073759135049154,-0.07971646182351831,predicted_worsening,0.1
33,rap_plus_pathways,ISG15,activate,-1.0,differential_expression_effect,0.6665757308663266,2.0,3,Interferon Alpha Response;Interferon Alpha/Beta Signaling R-HSA-909733;Interferon Gamma Response,0.40940627470332364,0.6369824063155782,0.22757613161225457,-0.22757613161225457,-0.21521349623158575,-8.07578157773591e-09,0,0.0,1.0,0.6999545320998299,-0.15929294471974495,predicted_worsening,0.1
34,rap_plus_pathways,IFI27,activate,-1.0,differential_expression_effect,0.6117934528541784,3.0,3,Interferon Alpha Response;Interferon Alpha/Beta Signaling R-HSA-909733;Interferon Gamma Response,0.40940627470332364,0.6369824063155782,0.22757613161225457,-0.22757613161225457,-0.21521349623158575,-8.07578157773591e-09,0,0.0,1.0,0.7058967264270891,-0.1606452463180309,predicted_worsening,0.1
35,rap_plus_pathways,UBE2C,inhibit,1.0,differential_expression_effect,0.6201602651399948,2.0,1,G2-M Checkpoint,0.40940627470332364,0.9713589051439259,0.5619526304406022,-0.5619526304406022,-0.5600588961718822,-3.1503980554607764e-06,0,0.0,1.0,0.476746799236664,-0.267909117885181,predicted_worsening,0.1
36,rap_plus_pathways,KNL1,inhibit,1.0,differential_expression_effect,0.6242033036182136,2.0,1,G2-M Checkpoint,0.40940627470332364,0.9713589051439259,0.5619526304406022,-0.5619526304406022,-0.5600588961718822,-3.1503980554607764e-06,0,0.0,1.0,0.47876831847577345,-0.26904511593908487,predicted_worsening,0.1
37,rap_plus_pathways,PBK,inhibit,1.0,differential_expression_effect,0.6421132486951168,2.0,1,G2-M Checkpoint,0.40940627470332364,0.9713589051439259,0.5619526304406022,-0.5619526304406022,-0.5600588961718822,-3.1503980554607764e-06,0,0.0,1.0,0.487723291014225,-0.27407738631259104,predicted_worsening,0.1
38,rap_plus_pathways,AURKB,inhibit,1.0,differential_expression_effect,0.6030594551555394,2.0,2,E2F Targets;G2-M Checkpoint,0.40940627470332364,0.9046421053209693,0.49523583061764564,-0.49523583061764564,-0.48038137203596915,-3.527615430802844e-07,0,0.0,1.0,0.5681963942444364,-0.2813912132575947,predicted_worsening,0.1
39,rap_plus_pathways,CCNA2,inhibit,1.0,differential_expression_effect,0.6722182796119277,2.0,1,G2-M Checkpoint,0.40940627470332364,0.9713589051439259,0.5619526304406022,-0.5619526304406022,-0.5600588961718822,-3.1503980554607764e-06,0,0.0,1.0,0.5027758064726305,-0.28253618696918986,predicted_worsening,0.1
40,rap_plus_pathways,KIF11,inhibit,1.0,differential_expression_effect,0.6880991043016356,2.0,1,G2-M Checkpoint,0.40940627470332364,0.9713589051439259,0.5619526304406022,-0.5619526304406022,-0.5600588961718822,-3.1503980554607764e-06,0,0.0,1.0,0.5107162188174844,-0.28699832257316354,predicted_worsening,0.1
41,rap_plus_pathways,PRC1,inhibit,1.0,differential_expression_effect,0.6915602903572053,2.0,1,G2-M Checkpoint,0.40940627470332364,0.9713589051439259,0.5619526304406022,-0.5619526304406022,-0.5600588961718822,-3.1503980554607764e-06,0,0.0,1.0,0.5124468118452693,-0.2879708338773494,predicted_worsening,0.1
42,rap_plus_pathways,CDC20,inhibit,1.0,differential_expression_effect,0.6363605104807625,2.0,2,E2F Targets;G2-M Checkpoint,0.40940627470332364,0.9046421053209693,0.49523583061764564,-0.49523583061764564,-0.48038137203596915,-3.527615430802844e-07,0,0.0,1.0,0.5848469219070479,-0.2896371511548102,predicted_worsening,0.1
43,rap_plus_pathways,PLK1,inhibit,1.0,differential_expression_effect,0.6453224467779706,2.0,2,E2F Targets;G2-M Checkpoint,0.40940627470332364,0.9046421053209693,0.49523583061764564,-0.49523583061764564,-0.48038137203596915,-3.527615430802844e-07,0,0.0,1.0,0.5893278900556519,-0.29185628713785533,predicted_worsening,0.1
44,rap_plus_pathways,H2AZ1,inhibit,1.0,differential_expression_effect,0.6153880489342868,3.0,2,E2F Targets;G2-M Checkpoint,0.40940627470332364,0.9046421053209693,0.49523583061764564,-0.49523583061764564,-0.48038137203596915,-3.527615430802844e-07,0,0.0,1.0,0.6076940244671434,-0.30095185496836563,predicted_worsening,0.1
45,rap_plus_pathways,CKS1B,inhibit,1.0,differential_expression_effect,0.6875863313758503,2.0,2,E2F Targets;G2-M Checkpoint,0.40940627470332364,0.9046421053209693,0.49523583061764564,-0.49523583061764564,-0.48038137203596915,-3.527615430802844e-07,0,0.0,1.0,0.6104598323545918,-0.30232158213483495,predicted_worsening,0.1
46,rap_plus_pathways,LMNB1,inhibit,1.0,differential_expression_effect,0.6887235532582613,2.0,2,E2F Targets;G2-M Checkpoint,0.40940627470332364,0.9046421053209693,0.49523583061764564,-0.49523583061764564,-0.48038137203596915,-3.527615430802844e-07,0,0.0,1.0,0.6110284432957973,-0.3026031786466012,predicted_worsening,0.1
47,rap_plus_pathways,E2F1,inhibit,1.0,transition_model_effect,0.6874416343554115,3.0,1,G2-M Checkpoint,0.40940627470332364,0.9713589051439259,0.5619526304406022,-0.5619526304406022,-0.5600588961718822,-3.1503980554607764e-06,0,0.0,1.0,0.5437208171777057,-0.30554534343832546,predicted_worsening,0.1
48,rap_plus_pathways,CENPF,inhibit,1.0,differential_expression_effect,0.6703024014578206,4.0,1,G2-M Checkpoint,0.40940627470332364,0.9713589051439259,0.5619526304406022,-0.5619526304406022,-0.5600588961718822,-3.1503980554607764e-06,0,0.0,1.0,0.5684845340622436,-0.31946137928107793,predicted_worsening,0.1
49,rap_plus_pathways,MKI67,inhibit,1.0,differential_expression_effect,0.6708860019200854,4.0,2,E2F Targets;G2-M Checkpoint,0.40940627470332364,0.9046421053209693,0.49523583061764564,-0.49523583061764564,-0.48038137203596915,-3.527615430802844e-07,0,0.0,1.0,0.668776334293376,-0.3312020034112043,predicted_worsening,0.1
50,rap_plus_pathways,TOP2A,inhibit,1.0,differential_expression_effect,0.7809166065664604,4.0,2,E2F Targets;G2-M Checkpoint,0.40940627470332364,0.9046421053209693,0.49523583061764564,-0.49523583061764564,-0.48038137203596915,-3.527615430802844e-07,0,0.0,1.0,0.7237916366165635,-0.35844755235390896,predicted_worsening,0.1
1,rap_plus_pathways,HMGB2,inhibit,1.0,differential_expression_effect,0.7573902312818401,3.0,1,E2F Targets,0.40940627470332364,0.08448950061729187,-0.3249167740860317,0.3249167740860317,0.36251540172866137,0.6456412578714368,79508,1.0,1.0,0.57869511564092,0.1880277501533908,predicted_suppression,0.25
2,rap_plus_pathways,RRM2,inhibit,1.0,differential_expression_effect,0.6884224623231245,2.0,1,E2F Targets,0.40940627470332364,0.08448950061729187,-0.3249167740860317,0.3249167740860317,0.36251540172866137,0.6456412578714368,79508,1.0,1.0,0.5108778978282289,0.16599279851420143,predicted_suppression,0.25
3,rap_plus_pathways,GINS1,inhibit,1.0,differential_expression_effect,0.6352045905748,2.0,1,E2F Targets,0.40940627470332364,0.08448950061729187,-0.3249167740860317,0.3249167740860317,0.36251540172866137,0.6456412578714368,79508,1.0,1.0,0.48426896195406666,0.15734710890810655,predicted_suppression,0.25
4,rap_plus_pathways,MELK,inhibit,1.0,differential_expression_effect,0.5980906638233262,2.0,1,E2F Targets,0.40940627470332364,0.08448950061729187,-0.3249167740860317,0.3249167740860317,0.36251540172866137,0.6456412578714368,79508,1.0,1.0,0.46571199857832973,0.15131764023122948,predicted_suppression,0.25
5,rap_plus_pathways,KRT80,activate,-1.0,differential_expression_effect,0.6995790414627282,2.0,1,Keratinization R-HSA-6805567,0.40940627470332364,0.26042179674815136,-0.1489844779551722,0.1489844779551722,0.16305950486177206,0.289115722265103,79508,1.0,1.0,0.5164561873980308,0.0769439554662142,predicted_suppression,0.25
6,rap_plus_pathways,IVL,activate,-1.0,differential_expression_effect,0.6192567491510668,2.0,1,Keratinization R-HSA-6805567,0.40940627470332364,0.26042179674815136,-0.1489844779551722,0.1489844779551722,0.16305950486177206,0.289115722265103,79508,1.0,1.0,0.4762950412422,0.07096056807210638,predicted_suppression,0.25
7,rap_plus_pathways,CLU,activate,-1.0,differential_expression_effect,0.7603539739481504,2.0,0,,0.40940627470332364,0.29794086400062325,-0.11146541070270032,0.11146541070270032,0.11954609155741436,0.2176128850807605,79508,1.0,1.0,0.44684365364074186,0.04980761137296046,predicted_suppression,0.25
8,rap_plus_pathways,BCAS1,activate,-1.0,differential_expression_effect,0.6837812817613224,3.0,0,,0.40940627470332364,0.29794086400062325,-0.11146541070270032,0.11146541070270032,0.11954609155741436,0.2176128850807605,79508,1.0,1.0,0.4418906408806612,0.04925552177144236,predicted_suppression,0.25
9,rap_plus_pathways,MYO1B,activate,-1.0,differential_expression_effect,0.7054155897786791,2.0,0,,0.40940627470332364,0.29794086400062325,-0.11146541070270032,0.11146541070270032,0.11954609155741436,0.2176128850807605,79508,1.0,1.0,0.4193744615560062,0.04674574659556404,predicted_suppression,0.25
10,rap_plus_pathways,H4C3,inhibit,1.0,differential_expression_effect,0.705187779578552,2.0,0,,0.40940627470332364,0.29794086400062325,-0.11146541070270032,0.11146541070270032,0.11954609155741436,0.2176128850807605,79508,1.0,1.0,0.4192605564559427,0.04673305011680432,predicted_suppression,0.25
11,rap_plus_pathways,PHGDH,inhibit,1.0,differential_expression_effect,0.7003715177248218,2.0,0,,0.40940627470332364,0.29794086400062325,-0.11146541070270032,0.11146541070270032,0.11954609155741436,0.2176128850807605,79508,1.0,1.0,0.41685242552907753,0.046464626814015426,predicted_suppression,0.25
12,rap_plus_pathways,SDC2,activate,-1.0,differential_expression_effect,0.6971779366564773,2.0,0,,0.40940627470332364,0.29794086400062325,-0.11146541070270032,0.11146541070270032,0.11954609155741436,0.2176128850807605,79508,1.0,1.0,0.4152556349949053,0.04628663990131773,predicted_suppression,0.25
13,rap_plus_pathways,DHTKD1,inhibit,1.0,differential_expression_effect,0.6908306961041671,2.0,0,,0.40940627470332364,0.29794086400062325,-0.11146541070270032,0.11146541070270032,0.11954609155741436,0.2176128850807605,79508,1.0,1.0,0.4120820147187502,0.04593289101382169,predicted_suppression,0.25
14,rap_plus_pathways,NUDT3,inhibit,1.0,differential_expression_effect,0.6882075072090454,2.0,0,,0.40940627470332364,0.29794086400062325,-0.11146541070270032,0.11146541070270032,0.11954609155741436,0.2176128850807605,79508,1.0,1.0,0.4107704202711894,0.04578669360004894,predicted_suppression,0.25
15,rap_plus_pathways,ZWINT,inhibit,1.0,differential_expression_effect,0.6869889853380513,2.0,0,,0.40940627470332364,0.29794086400062325,-0.11146541070270032,0.11146541070270032,0.11954609155741436,0.2176128850807605,79508,1.0,1.0,0.4101611593356923,0.04571878207964865,predicted_suppression,0.25
16,rap_plus_pathways,YBX2,inhibit,1.0,differential_expression_effect,0.6835576591719393,2.0,0,,0.40940627470332364,0.29794086400062325,-0.11146541070270032,0.11146541070270032,0.11954609155741436,0.2176128850807605,79508,1.0,1.0,0.4084454962526363,0.04552754498946835,predicted_suppression,0.25
17,rap_plus_pathways,ARHGAP11A,inhibit,1.0,differential_expression_effect,0.6796115438135014,2.0,0,,0.40940627470332364,0.29794086400062325,-0.11146541070270032,0.11146541070270032,0.11954609155741436,0.2176128850807605,79508,1.0,1.0,0.40647243857341736,0.045307617304914095,predicted_suppression,0.25
18,rap_plus_pathways,NUF2,inhibit,1.0,differential_expression_effect,0.6675860052084984,2.0,0,,0.40940627470332364,0.29794086400062325,-0.11146541070270032,0.11146541070270032,0.11954609155741436,0.2176128850807605,79508,1.0,1.0,0.40045966927091586,0.04463740150515017,predicted_suppression,0.25
19,rap_plus_pathways,FBXO17,inhibit,1.0,differential_expression_effect,0.6531246883732527,2.0,0,,0.40940627470332364,0.29794086400062325,-0.11146541070270032,0.11146541070270032,0.11954609155741436,0.2176128850807605,79508,1.0,1.0,0.393229010853293,0.043831433194978904,predicted_suppression,0.25
20,rap_plus_pathways,NCF2,activate,-1.0,differential_expression_effect,0.6524182021795357,2.0,0,,0.40940627470332364,0.29794086400062325,-0.11146541070270032,0.11146541070270032,0.11954609155741436,0.2176128850807605,79508,1.0,1.0,0.3928757677564345,0.04379205880810968,predicted_suppression,0.25
21,rap_plus_pathways,KIF14,inhibit,1.0,differential_expression_effect,0.6503130591297537,2.0,0,,0.40940627470332364,0.29794086400062325,-0.11146541070270032,0.11146541070270032,0.11954609155741436,0.2176128850807605,79508,1.0,1.0,0.3918231962315435,0.04367473349079373,predicted_suppression,0.25
22,rap_plus_pathways,ENC1,activate,-1.0,differential_expression_effect,0.6496829350893555,2.0,0,,0.40940627470332364,0.29794086400062325,-0.11146541070270032,0.11146541070270032,0.11954609155741436,0.2176128850807605,79508,1.0,1.0,0.3915081342113444,0.04363961497331542,predicted_suppression,0.25
23,rap_plus_pathways,H4C8,activate,-1.0,differential_expression_effect,0.6461169056612761,2.0,0,,0.40940627470332364,0.29794086400062325,-0.11146541070270032,0.11146541070270032,0.11954609155741436,0.2176128850807605,79508,1.0,1.0,0.3897251194973047,0.04344087050592603,predicted_suppression,0.25
24,rap_plus_pathways,NCAPH,inhibit,1.0,differential_expression_effect,0.6304158464734002,2.0,0,,0.40940627470332364,0.29794086400062325,-0.11146541070270032,0.11146541070270032,0.11954609155741436,0.2176128850807605,79508,1.0,1.0,0.38187458990336676,0.04256580800050403,predicted_suppression,0.25
25,rap_plus_pathways,RND1,activate,-1.0,differential_expression_effect,0.625772321910648,2.0,0,,0.40940627470332364,0.29794086400062325,-0.11146541070270032,0.11146541070270032,0.11954609155741436,0.2176128850807605,79508,1.0,1.0,0.37955282762199066,0.042307011814256404,predicted_suppression,0.25
26,rap_plus_pathways,KIF20A,inhibit,1.0,differential_expression_effect,0.6085210341331331,2.0,0,,0.40940627470332364,0.29794086400062325,-0.11146541070270032,0.11146541070270032,0.11954609155741436,0.2176128850807605,79508,1.0,1.0,0.3709271837332332,0.041345550875620814,predicted_suppression,0.25
27,rap_plus_pathways,SYTL2,activate,-1.0,differential_expression_effect,0.607813155021956,2.0,0,,0.40940627470332364,0.29794086400062325,-0.11146541070270032,0.11146541070270032,0.11954609155741436,0.2176128850807605,79508,1.0,1.0,0.37057324417764465,0.04130609885769321,predicted_suppression,0.25
28,rap_plus_pathways,GPRC5A,activate,-1.0,differential_expression_effect,0.6065401780514027,2.0,0,,0.40940627470332364,0.29794086400062325,-0.11146541070270032,0.11146541070270032,0.11954609155741436,0.2176128850807605,79508,1.0,1.0,0.369936755692368,0.04123515240727431,predicted_suppression,0.25
29,rap_plus_pathways,ANXA1,activate,-1.0,differential_expression_effect,0.6065387251303759,2.0,0,,0.40940627470332364,0.29794086400062325,-0.11146541070270032,0.11146541070270032,0.11954609155741436,0.2176128850807605,79508,1.0,1.0,0.3699360292318546,0.04123507143205482,predicted_suppression,0.25
30,rap_plus_pathways,GAS2L3,inhibit,1.0,differential_expression_effect,0.6053413605080713,2.0,0,,0.40940627470332364,0.29794086400062325,-0.11146541070270032,0.11146541070270032,0.11954609155741436,0.2176128850807605,79508,1.0,1.0,0.3693373469207023,0.04116833906236179,predicted_suppression,0.25
31,rap_plus_pathways,MACC1,activate,-1.0,differential_expression_effect,0.5963635313460357,2.0,0,,0.40940627470332364,0.29794086400062325,-0.11146541070270032,0.11146541070270032,0.11954609155741436,0.2176128850807605,79508,1.0,1.0,0.3648484323396845,0.0406679803549793,predicted_suppression,0.25
32,rap_plus_pathways,IFI6,activate,-1.0,differential_expression_effect,0.8147518270098308,3.0,1,Interferon Alpha/Beta Signaling R-HSA-909733,0.40940627470332364,0.4807507616655194,0.07134448696219584,-0.07134448696219584,-0.06927021532841456,-9.388600284421384e-10,0,0.0,1.0,0.6073759135049154,-0.04333292294220322,predicted_worsening,0.25
33,rap_plus_pathways,ISG15,activate,-1.0,differential_expression_effect,0.6665757308663266,2.0,3,Interferon Alpha Response;Interferon Alpha/Beta Signaling R-HSA-909733;Interferon Gamma Response,0.40940627470332364,0.5845744202311228,0.1751681455277992,-0.1751681455277992,-0.16612384344826236,-4.268107175271458e-09,0,0.0,1.0,0.6999545320998299,-0.1226097373417056,predicted_worsening,0.25
34,rap_plus_pathways,IFI27,activate,-1.0,differential_expression_effect,0.6117934528541784,3.0,3,Interferon Alpha Response;Interferon Alpha/Beta Signaling R-HSA-909733;Interferon Gamma Response,0.40940627470332364,0.5845744202311228,0.1751681455277992,-0.1751681455277992,-0.16612384344826236,-4.268107175271458e-09,0,0.0,1.0,0.7058967264270891,-0.12365062050237739,predicted_worsening,0.25
35,rap_plus_pathways,UBE2C,inhibit,1.0,differential_expression_effect,0.6201602651399948,2.0,1,G2-M Checkpoint,0.40940627470332364,0.9608689456231277,0.551462670919804,-0.551462670919804,-0.5473165015230472,-1.8524564814247214e-06,0,0.0,1.0,0.476746799236664,-0.2629080632595183,predicted_worsening,0.25
36,rap_plus_pathways,KNL1,inhibit,1.0,differential_expression_effect,0.6242033036182136,2.0,1,G2-M Checkpoint,0.40940627470332364,0.9608689456231277,0.551462670919804,-0.551462670919804,-0.5473165015230472,-1.8524564814247214e-06,0,0.0,1.0,0.47876831847577345,-0.2640228556584334,predicted_worsening,0.25
37,rap_plus_pathways,AURKB,inhibit,1.0,differential_expression_effect,0.6030594551555394,2.0,2,E2F Targets;G2-M Checkpoint,0.40940627470332364,0.8775271125784174,0.4681208378750938,-0.4681208378750938,-0.45037797136875,-2.0699826266660488e-07,0,0.0,1.0,0.5681963942444364,-0.26598457215131266,predicted_worsening,0.25
38,rap_plus_pathways,PBK,inhibit,1.0,differential_expression_effect,0.6421132486951168,2.0,1,G2-M Checkpoint,0.40940627470332364,0.9608689456231277,0.551462670919804,-0.551462670919804,-0.5473165015230472,-1.8524564814247214e-06,0,0.0,1.0,0.487723291014225,-0.2689611887325014,predicted_worsening,0.25
39,rap_plus_pathways,CDC20,inhibit,1.0,differential_expression_effect,0.6363605104807625,2.0,2,E2F Targets;G2-M Checkpoint,0.40940627470332364,0.8775271125784174,0.4681208378750938,-0.4681208378750938,-0.45037797136875,-2.0699826266660488e-07,0,0.0,1.0,0.5848469219070479,-0.2737790311117968,predicted_worsening,0.25
40,rap_plus_pathways,PLK1,inhibit,1.0,differential_expression_effect,0.6453224467779706,2.0,2,E2F Targets;G2-M Checkpoint,0.40940627470332364,0.8775271125784174,0.4681208378750938,-0.4681208378750938,-0.45037797136875,-2.0699826266660488e-07,0,0.0,1.0,0.5893278900556519,-0.27587666567601293,predicted_worsening,0.25
41,rap_plus_pathways,CCNA2,inhibit,1.0,differential_expression_effect,0.6722182796119277,2.0,1,G2-M Checkpoint,0.40940627470332364,0.9608689456231277,0.551462670919804,-0.551462670919804,-0.5473165015230472,-1.8524564814247214e-06,0,0.0,1.0,0.5027758064726305,-0.2772620891112553,predicted_worsening,0.25
42,rap_plus_pathways,KIF11,inhibit,1.0,differential_expression_effect,0.6880991043016356,2.0,1,G2-M Checkpoint,0.40940627470332364,0.9608689456231277,0.551462670919804,-0.551462670919804,-0.5473165015230472,-1.8524564814247214e-06,0,0.0,1.0,0.5107162188174844,-0.28164093011115304,predicted_worsening,0.25
43,rap_plus_pathways,PRC1,inhibit,1.0,differential_expression_effect,0.6915602903572053,2.0,1,G2-M Checkpoint,0.40940627470332364,0.9608689456231277,0.551462670919804,-0.551462670919804,-0.5473165015230472,-1.8524564814247214e-06,0,0.0,1.0,0.5124468118452693,-0.2825952875645305,predicted_worsening,0.25
44,rap_plus_pathways,H2AZ1,inhibit,1.0,differential_expression_effect,0.6153880489342868,3.0,2,E2F Targets;G2-M Checkpoint,0.40940627470332364,0.8775271125784174,0.4681208378750938,-0.4681208378750938,-0.45037797136875,-2.0699826266660488e-07,0,0.0,1.0,0.6076940244671434,-0.2844742359052469,predicted_worsening,0.25
45,rap_plus_pathways,CKS1B,inhibit,1.0,differential_expression_effect,0.6875863313758503,2.0,2,E2F Targets;G2-M Checkpoint,0.40940627470332364,0.8775271125784174,0.4681208378750938,-0.4681208378750938,-0.45037797136875,-2.0699826266660488e-07,0,0.0,1.0,0.6104598323545918,-0.2857689682109208,predicted_worsening,0.25
46,rap_plus_pathways,LMNB1,inhibit,1.0,differential_expression_effect,0.6887235532582613,2.0,2,E2F Targets;G2-M Checkpoint,0.40940627470332364,0.8775271125784174,0.4681208378750938,-0.4681208378750938,-0.45037797136875,-2.0699826266660488e-07,0,0.0,1.0,0.6110284432957973,-0.2860351468411429,predicted_worsening,0.25
47,rap_plus_pathways,E2F1,inhibit,1.0,transition_model_effect,0.6874416343554115,3.0,1,G2-M Checkpoint,0.40940627470332364,0.9608689456231277,0.551462670919804,-0.551462670919804,-0.5473165015230472,-1.8524564814247214e-06,0,0.0,1.0,0.5437208171777057,-0.29984173407551606,predicted_worsening,0.25
48,rap_plus_pathways,MKI67,inhibit,1.0,differential_expression_effect,0.6708860019200854,4.0,2,E2F Targets;G2-M Checkpoint,0.40940627470332364,0.8775271125784174,0.4681208378750938,-0.4681208378750938,-0.45037797136875,-2.0699826266660488e-07,0,0.0,1.0,0.668776334293376,-0.313068137960449,predicted_worsening,0.25
49,rap_plus_pathways,CENPF,inhibit,1.0,differential_expression_effect,0.6703024014578206,4.0,1,G2-M Checkpoint,0.40940627470332364,0.9608689456231277,0.551462670919804,-0.551462670919804,-0.5473165015230472,-1.8524564814247214e-06,0,0.0,1.0,0.5684845340622436,-0.31349799953056523,predicted_worsening,0.25
50,rap_plus_pathways,TOP2A,inhibit,1.0,differential_expression_effect,0.7809166065664604,4.0,2,E2F Targets;G2-M Checkpoint,0.40940627470332364,0.8775271125784174,0.4681208378750938,-0.4681208378750938,-0.45037797136875,-2.0699826266660488e-07,0,0.0,1.0,0.7237916366165635,-0.33882194737993115,predicted_worsening,0.25
1,rap_plus_pathways,HMGB2,inhibit,1.0,differential_expression_effect,0.7573902312818401,3.0,1,E2F Targets,0.40940627470332364,0.042428382177726987,-0.36697789252559665,0.36697789252559665,0.3927038292508158,0.7569085937530482,79508,1.0,1.0,0.57869511564092,0.21236831395276126,predicted_suppression,0.5
2,rap_plus_pathways,RRM2,inhibit,1.0,differential_expression_effect,0.6884224623231245,2.0,1,E2F Targets,0.40940627470332364,0.042428382177726987,-0.36697789252559665,0.36697789252559665,0.3927038292508158,0.7569085937530482,79508,1.0,1.0,0.5108778978282289,0.18748089428291054,predicted_suppression,0.5
3,rap_plus_pathways,GINS1,inhibit,1.0,differential_expression_effect,0.6352045905748,2.0,1,E2F Targets,0.40940627470332364,0.042428382177726987,-0.36697789252559665,0.36697789252559665,0.3927038292508158,0.7569085937530482,79508,1.0,1.0,0.48426896195406666,0.17771600307346172,predicted_suppression,0.5
4,rap_plus_pathways,MELK,inhibit,1.0,differential_expression_effect,0.5980906638233262,2.0,1,E2F Targets,0.40940627470332364,0.042428382177726987,-0.36697789252559665,0.36697789252559665,0.3927038292508158,0.7569085937530482,79508,1.0,1.0,0.46571199857832973,0.1709060077621591,predicted_suppression,0.5
5,rap_plus_pathways,KRT80,activate,-1.0,differential_expression_effect,0.6995790414627282,2.0,1,Keratinization R-HSA-6805567,0.40940627470332364,0.16334995648781053,-0.24605631821551305,0.24605631821551305,0.2801405613181477,0.4767346982770068,79508,1.0,1.0,0.5164561873980308,0.1270773079907805,predicted_suppression,0.5
6,rap_plus_pathways,IVL,activate,-1.0,differential_expression_effect,0.6192567491510668,2.0,1,Keratinization R-HSA-6805567,0.40940627470332364,0.16334995648781053,-0.24605631821551305,0.24605631821551305,0.2801405613181477,0.4767346982770068,79508,1.0,1.0,0.4762950412422,0.11719540423236167,predicted_suppression,0.5
7,rap_plus_pathways,CLU,activate,-1.0,differential_expression_effect,0.7603539739481504,2.0,0,,0.40940627470332364,0.194451532951462,-0.2149547417518616,0.2149547417518616,0.24337334643635172,0.4155473718496779,79508,1.0,1.0,0.44684365364074186,0.09605116217180396,predicted_suppression,0.5
8,rap_plus_pathways,BCAS1,activate,-1.0,differential_expression_effect,0.6837812817613224,3.0,0,,0.40940627470332364,0.194451532951462,-0.2149547417518616,0.2149547417518616,0.24337334643635172,0.4155473718496779,79508,1.0,1.0,0.4418906408806612,0.09498648859306714,predicted_suppression,0.5
9,rap_plus_pathways,MYO1B,activate,-1.0,differential_expression_effect,0.7054155897786791,2.0,0,,0.40940627470332364,0.194451532951462,-0.2149547417518616,0.2149547417518616,0.24337334643635172,0.4155473718496779,79508,1.0,1.0,0.4193744615560062,0.09014652908109733,predicted_suppression,0.5
10,rap_plus_pathways,H4C3,inhibit,1.0,differential_expression_effect,0.705187779578552,2.0,0,,0.40940627470332364,0.194451532951462,-0.2149547417518616,0.2149547417518616,0.24337334643635172,0.4155473718496779,79508,1.0,1.0,0.4192605564559427,0.09012204463972895,predicted_suppression,0.5
11,rap_plus_pathways,PHGDH,inhibit,1.0,differential_expression_effect,0.7003715177248218,2.0,0,,0.40940627470332364,0.194451532951462,-0.2149547417518616,0.2149547417518616,0.24337334643635172,0.4155473718496779,79508,1.0,1.0,0.41685242552907753,0.08960440547823999,predicted_suppression,0.5
12,rap_plus_pathways,SDC2,activate,-1.0,differential_expression_effect,0.6971779366564773,2.0,0,,0.40940627470332364,0.194451532951462,-0.2149547417518616,0.2149547417518616,0.24337334643635172,0.4155473718496779,79508,1.0,1.0,0.4152556349949053,0.08926116778133518,predicted_suppression,0.5
13,rap_plus_pathways,DHTKD1,inhibit,1.0,differential_expression_effect,0.6908306961041671,2.0,0,,0.40940627470332364,0.194451532951462,-0.2149547417518616,0.2149547417518616,0.24337334643635172,0.4155473718496779,79508,1.0,1.0,0.4120820147187502,0.08857898305445579,predicted_suppression,0.5
14,rap_plus_pathways,NUDT3,inhibit,1.0,differential_expression_effect,0.6882075072090454,2.0,0,,0.40940627470332364,0.194451532951462,-0.2149547417518616,0.2149547417518616,0.24337334643635172,0.4155473718496779,79508,1.0,1.0,0.4107704202711894,0.08829704960869716,predicted_suppression,0.5
15,rap_plus_pathways,ZWINT,inhibit,1.0,differential_expression_effect,0.6869889853380513,2.0,0,,0.40940627470332364,0.194451532951462,-0.2149547417518616,0.2149547417518616,0.24337334643635172,0.4155473718496779,79508,1.0,1.0,0.4101611593356923,0.0881660860816479,predicted_suppression,0.5
16,rap_plus_pathways,YBX2,inhibit,1.0,differential_expression_effect,0.6835576591719393,2.0,0,,0.40940627470332364,0.194451532951462,-0.2149547417518616,0.2149547417518616,0.24337334643635172,0.4155473718496779,79508,1.0,1.0,0.4084454962526363,0.0877972961666964,predicted_suppression,0.5
17,rap_plus_pathways,ARHGAP11A,inhibit,1.0,differential_expression_effect,0.6796115438135014,2.0,0,,0.40940627470332364,0.194451532951462,-0.2149547417518616,0.2149547417518616,0.24337334643635172,0.4155473718496779,79508,1.0,1.0,0.40647243857341736,0.08737317806279836,predicted_suppression,0.5
18,rap_plus_pathways,NUF2,inhibit,1.0,differential_expression_effect,0.6675860052084984,2.0,0,,0.40940627470332364,0.194451532951462,-0.2149547417518616,0.2149547417518616,0.24337334643635172,0.4155473718496779,79508,1.0,1.0,0.40045966927091586,0.08608070479016562,predicted_suppression,0.5
19,rap_plus_pathways,FBXO17,inhibit,1.0,differential_expression_effect,0.6531246883732527,2.0,0,,0.40940627470332364,0.194451532951462,-0.2149547417518616,0.2149547417518616,0.24337334643635172,0.4155473718496779,79508,1.0,1.0,0.393229010853293,0.08452644047730958,predicted_suppression,0.5
20,rap_plus_pathways,NCF2,activate,-1.0,differential_expression_effect,0.6524182021795357,2.0,0,,0.40940627470332364,0.194451532951462,-0.2149547417518616,0.2149547417518616,0.24337334643635172,0.4155473718496779,79508,1.0,1.0,0.3928757677564345,0.08445050919864874,predicted_suppression,0.5
21,rap_plus_pathways,KIF14,inhibit,1.0,differential_expression_effect,0.6503130591297537,2.0,0,,0.40940627470332364,0.194451532951462,-0.2149547417518616,0.2149547417518616,0.24337334643635172,0.4155473718496779,79508,1.0,1.0,0.3918231962315435,0.08422425395834042,predicted_suppression,0.5
22,rap_plus_pathways,ENC1,activate,-1.0,differential_expression_effect,0.6496829350893555,2.0,0,,0.40940627470332364,0.194451532951462,-0.2149547417518616,0.2149547417518616,0.24337334643635172,0.4155473718496779,79508,1.0,1.0,0.3915081342113444,0.08415652988315271,predicted_suppression,0.5
23,rap_plus_pathways,H4C8,activate,-1.0,differential_expression_effect,0.6461169056612761,2.0,0,,0.40940627470332364,0.194451532951462,-0.2149547417518616,0.2149547417518616,0.24337334643635172,0.4155473718496779,79508,1.0,1.0,0.3897251194973047,0.08377326241575654,predicted_suppression,0.5
24,rap_plus_pathways,NCAPH,inhibit,1.0,differential_expression_effect,0.6304158464734002,2.0,0,,0.40940627470332364,0.194451532951462,-0.2149547417518616,0.2149547417518616,0.24337334643635172,0.4155473718496779,79508,1.0,1.0,0.38187458990336676,0.08208575385427626,predicted_suppression,0.5
25,rap_plus_pathways,RND1,activate,-1.0,differential_expression_effect,0.625772321910648,2.0,0,,0.40940627470332364,0.194451532951462,-0.2149547417518616,0.2149547417518616,0.24337334643635172,0.4155473718496779,79508,1.0,1.0,0.37955282762199066,0.08158668004267385,predicted_suppression,0.5
26,rap_plus_pathways,KIF20A,inhibit,1.0,differential_expression_effect,0.6085210341331331,2.0,0,,0.40940627470332364,0.194451532951462,-0.2149547417518616,0.2149547417518616,0.24337334643635172,0.4155473718496779,79508,1.0,1.0,0.3709271837332332,0.07973255698812245,predicted_suppression,0.5
27,rap_plus_pathways,SYTL2,activate,-1.0,differential_expression_effect,0.607813155021956,2.0,0,,0.40940627470332364,0.194451532951462,-0.2149547417518616,0.2149547417518616,0.24337334643635172,0.4155473718496779,79508,1.0,1.0,0.37057324417764465,0.07965647600235516,predicted_suppression,0.5
28,rap_plus_pathways,GPRC5A,activate,-1.0,differential_expression_effect,0.6065401780514027,2.0,0,,0.40940627470332364,0.194451532951462,-0.2149547417518616,0.2149547417518616,0.24337334643635172,0.4155473718496779,79508,1.0,1.0,0.369936755692368,0.07951965978437449,predicted_suppression,0.5
29,rap_plus_pathways,ANXA1,activate,-1.0,differential_expression_effect,0.6065387251303759,2.0,0,,0.40940627470332364,0.194451532951462,-0.2149547417518616,0.2149547417518616,0.24337334643635172,0.4155473718496779,79508,1.0,1.0,0.3699360292318546,0.07951950362824244,predicted_suppression,0.5
30,rap_plus_pathways,GAS2L3,inhibit,1.0,differential_expression_effect,0.6053413605080713,2.0,0,,0.40940627470332364,0.194451532951462,-0.2149547417518616,0.2149547417518616,0.24337334643635172,0.4155473718496779,79508,1.0,1.0,0.3693373469207023,0.07939081402665728,predicted_suppression,0.5
31,rap_plus_pathways,MACC1,activate,-1.0,differential_expression_effect,0.5963635313460357,2.0,0,,0.40940627470332364,0.194451532951462,-0.2149547417518616,0.2149547417518616,0.24337334643635172,0.4155473718496779,79508,1.0,1.0,0.3648484323396845,0.07842590055214843,predicted_suppression,0.5
32,rap_plus_pathways,IFI6,activate,-1.0,differential_expression_effect,0.8147518270098308,3.0,1,Interferon Alpha/Beta Signaling R-HSA-909733,0.40940627470332364,0.3723109390987648,-0.03709533560455886,0.03709533560455886,0.03795214030035571,0.07370255017472688,79508,1.0,1.0,0.6073759135049154,0.02253081334959035,predicted_suppression,0.5
33,rap_plus_pathways,ISG15,activate,-1.0,differential_expression_effect,0.6665757308663266,2.0,3,Interferon Alpha Response;Interferon Alpha/Beta Signaling R-HSA-909733;Interferon Gamma Response,0.40940627470332364,0.4880670943177341,0.0786608196144105,-0.0786608196144105,-0.07635068788207361,-1.0754551746063061e-09,0,0.0,1.0,0.6999545320998299,-0.05505899718779383,predicted_worsening,0.5
34,rap_plus_pathways,IFI27,activate,-1.0,differential_expression_effect,0.6117934528541784,3.0,3,Interferon Alpha Response;Interferon Alpha/Beta Signaling R-HSA-909733;Interferon Gamma Response,0.40940627470332364,0.4880670943177341,0.0786608196144105,-0.0786608196144105,-0.07635068788207361,-1.0754551746063061e-09,0,0.0,1.0,0.7058967264270891,-0.05552641506388414,predicted_worsening,0.5
35,rap_plus_pathways,AURKB,inhibit,1.0,differential_expression_effect,0.6030594551555394,2.0,2,E2F Targets;G2-M Checkpoint,0.40940627470332364,0.822126381232861,0.4127201065295374,-0.4127201065295374,-0.39314773522833857,-8.477889695907394e-08,0,0.0,1.0,0.5681963942444364,-0.2345060763622628,predicted_worsening,0.5
36,rap_plus_pathways,CDC20,inhibit,1.0,differential_expression_effect,0.6363605104807625,2.0,2,E2F Targets;G2-M Checkpoint,0.40940627470332364,0.822126381232861,0.4127201065295374,-0.4127201065295374,-0.39314773522833857,-8.477889695907394e-08,0,0.0,1.0,0.5848469219070479,-0.24137808391294885,predicted_worsening,0.5
37,rap_plus_pathways,PLK1,inhibit,1.0,differential_expression_effect,0.6453224467779706,2.0,2,E2F Targets;G2-M Checkpoint,0.40940627470332364,0.822126381232861,0.4127201065295374,-0.4127201065295374,-0.39314773522833857,-8.477889695907394e-08,0,0.0,1.0,0.5893278900556519,-0.24322746956459615,predicted_worsening,0.5
38,rap_plus_pathways,H2AZ1,inhibit,1.0,differential_expression_effect,0.6153880489342868,3.0,2,E2F Targets;G2-M Checkpoint,0.40940627470332364,0.822126381232861,0.4127201065295374,-0.4127201065295374,-0.39314773522833857,-8.477889695907394e-08,0,0.0,1.0,0.6076940244671434,-0.25080754251544274,predicted_worsening,0.5
39,rap_plus_pathways,UBE2C,inhibit,1.0,differential_expression_effect,0.6201602651399948,2.0,1,G2-M Checkpoint,0.40940627470332364,0.935836005966617,0.5264297312632935,-0.5264297312632935,-0.5170368249436377,-7.641581700683543e-07,0,0.0,1.0,0.476746799236664,-0.2509736894027924,predicted_worsening,0.5
40,rap_plus_pathways,CKS1B,inhibit,1.0,differential_expression_effect,0.6875863313758503,2.0,2,E2F Targets;G2-M Checkpoint,0.40940627470332364,0.822126381232861,0.4127201065295374,-0.4127201065295374,-0.39314773522833857,-8.477889695907394e-08,0,0.0,1.0,0.6104598323545918,-0.25194904704139065,predicted_worsening,0.5
41,rap_plus_pathways,KNL1,inhibit,1.0,differential_expression_effect,0.6242033036182136,2.0,1,G2-M Checkpoint,0.40940627470332364,0.935836005966617,0.5264297312632935,-0.5264297312632935,-0.5170368249436377,-7.641581700683543e-07,0,0.0,1.0,0.47876831847577345,-0.2520378772325803,predicted_worsening,0.5
42,rap_plus_pathways,LMNB1,inhibit,1.0,differential_expression_effect,0.6887235532582613,2.0,2,E2F Targets;G2-M Checkpoint,0.40940627470332364,0.822126381232861,0.4127201065295374,-0.4127201065295374,-0.39314773522833857,-8.477889695907394e-08,0,0.0,1.0,0.6110284432957973,-0.2521837242096189,predicted_worsening,0.5
43,rap_plus_pathways,PBK,inhibit,1.0,differential_expression_effect,0.6421132486951168,2.0,1,G2-M Checkpoint,0.40940627470332364,0.935836005966617,0.5264297312632935,-0.5264297312632935,-0.5170368249436377,-7.641581700683543e-07,0,0.0,1.0,0.487723291014225,-0.2567520410194676,predicted_worsening,0.5
44,rap_plus_pathways,CCNA2,inhibit,1.0,differential_expression_effect,0.6722182796119277,2.0,1,G2-M Checkpoint,0.40940627470332364,0.935836005966617,0.5264297312632935,-0.5264297312632935,-0.5170368249436377,-7.641581700683543e-07,0,0.0,1.0,0.5027758064726305,-0.2646761326870726,predicted_worsening,0.5
45,rap_plus_pathways,KIF11,inhibit,1.0,differential_expression_effect,0.6880991043016356,2.0,1,G2-M Checkpoint,0.40940627470332364,0.935836005966617,0.5264297312632935,-0.5264297312632935,-0.5170368249436377,-7.641581700683543e-07,0,0.0,1.0,0.5107162188174844,-0.26885620182389375,predicted_worsening,0.5
46,rap_plus_pathways,PRC1,inhibit,1.0,differential_expression_effect,0.6915602903572053,2.0,1,G2-M Checkpoint,0.40940627470332364,0.935836005966617,0.5264297312632935,-0.5264297312632935,-0.5170368249436377,-7.641581700683543e-07,0,0.0,1.0,0.5124468118452693,-0.26976723744643666,predicted_worsening,0.5
47,rap_plus_pathways,MKI67,inhibit,1.0,differential_expression_effect,0.6708860019200854,4.0,2,E2F Targets;G2-M Checkpoint,0.40940627470332364,0.822126381232861,0.4127201065295374,-0.4127201065295374,-0.39314773522833857,-8.477889695907394e-08,0,0.0,1.0,0.668776334293376,-0.27601743993399563,predicted_worsening,0.5
48,rap_plus_pathways,E2F1,inhibit,1.0,transition_model_effect,0.6874416343554115,3.0,1,G2-M Checkpoint,0.40940627470332364,0.935836005966617,0.5264297312632935,-0.5264297312632935,-0.5170368249436377,-7.641581700683543e-07,0,0.0,1.0,0.5437208171777057,-0.28623080366911796,predicted_worsening,0.5
49,rap_plus_pathways,TOP2A,inhibit,1.0,differential_expression_effect,0.7809166065664604,4.0,2,E2F Targets;G2-M Checkpoint,0.40940627470332364,0.822126381232861,0.4127201065295374,-0.4127201065295374,-0.39314773522833857,-8.477889695907394e-08,0,0.0,1.0,0.7237916366165635,-0.29872336136957633,predicted_worsening,0.5
50,rap_plus_pathways,CENPF,inhibit,1.0,differential_expression_effect,0.6703024014578206,4.0,1,G2-M Checkpoint,0.40940627470332364,0.935836005966617,0.5264297312632935,-0.5264297312632935,-0.5170368249436377,-7.641581700683543e-07,0,0.0,1.0,0.5684845340622436,-0.29926716049372554,predicted_worsening,0.5
1,rap_plus_pathways,HMGB2,inhibit,1.0,differential_expression_effect,0.7573902312818401,3.0,1,E2F Targets,0.40940627470332364,0.07825849725642293,-0.33114777744690066,0.33114777744690066,0.3680301448050578,0.6605975111954656,79508,1.0,1.25,0.57869511564092,0.1916336013638678,predicted_suppression,0.1
2,rap_plus_pathways,RRM2,inhibit,1.0,differential_expression_effect,0.6884224623231245,2.0,1,E2F Targets,0.40940627470332364,0.07825849725642293,-0.33114777744690066,0.33114777744690066,0.3680301448050578,0.6605975111954656,79508,1.0,1.25,0.5108778978282289,0.1691760804125628,predicted_suppression,0.1
3,rap_plus_pathways,GINS1,inhibit,1.0,differential_expression_effect,0.6352045905748,2.0,1,E2F Targets,0.40940627470332364,0.07825849725642293,-0.33114777744690066,0.33114777744690066,0.3680301448050578,0.6605975111954656,79508,1.0,1.25,0.48426896195406666,0.16036459043760687,predicted_suppression,0.1
4,rap_plus_pathways,MELK,inhibit,1.0,differential_expression_effect,0.5980906638233262,2.0,1,E2F Targets,0.40940627470332364,0.07825849725642293,-0.33114777744690066,0.33114777744690066,0.3680301448050578,0.6605975111954656,79508,1.0,1.25,0.46571199857832973,0.15421949325956805,predicted_suppression,0.1
5,rap_plus_pathways,KRT80,activate,-1.0,differential_expression_effect,0.6995790414627282,2.0,1,Keratinization R-HSA-6805567,0.40940627470332364,0.305440931320683,-0.10396534338264063,0.10396534338264063,0.11101500446172324,0.20326852908938414,79508,1.0,1.25,0.5164561873980308,0.05369354486492567,predicted_suppression,0.1
6,rap_plus_pathways,IVL,activate,-1.0,differential_expression_effect,0.6192567491510668,2.0,1,Keratinization R-HSA-6805567,0.40940627470332364,0.305440931320683,-0.10396534338264063,0.10396534338264063,0.11101500446172324,0.20326852908938414,79508,1.0,1.25,0.4762950412422,0.0495181775141943,predicted_suppression,0.1
7,rap_plus_pathways,CLU,activate,-1.0,differential_expression_effect,0.7603539739481504,2.0,0,,0.40940627470332364,0.3537043945471864,-0.05570188015613721,0.05570188015613721,0.0575727516228869,0.11012601879826134,79508,1.0,1.25,0.44684365364074186,0.024890031643627086,predicted_suppression,0.1
8,rap_plus_pathways,BCAS1,activate,-1.0,differential_expression_effect,0.6837812817613224,3.0,0,,0.40940627470332364,0.3537043945471864,-0.05570188015613721,0.05570188015613721,0.0575727516228869,0.11012601879826134,79508,1.0,1.25,0.4418906408806612,0.024614139520453257,predicted_suppression,0.1
9,rap_plus_pathways,MYO1B,activate,-1.0,differential_expression_effect,0.7054155897786791,2.0,0,,0.40940627470332364,0.3537043945471864,-0.05570188015613721,0.05570188015613721,0.0575727516228869,0.11012601879826134,79508,1.0,1.25,0.4193744615560062,0.02335994599813723,predicted_suppression,0.1
10,rap_plus_pathways,H4C3,inhibit,1.0,differential_expression_effect,0.705187779578552,2.0,0,,0.40940627470332364,0.3537043945471864,-0.05570188015613721,0.05570188015613721,0.0575727516228869,0.11012601879826134,79508,1.0,1.25,0.4192605564559427,0.02335360126990432,predicted_suppression,0.1
11,rap_plus_pathways,PHGDH,inhibit,1.0,differential_expression_effect,0.7003715177248218,2.0,0,,0.40940627470332364,0.3537043945471864,-0.05570188015613721,0.05570188015613721,0.0575727516228869,0.11012601879826134,79508,1.0,1.25,0.41685242552907753,0.023219463849615787,predicted_suppression,0.1
12,rap_plus_pathways,SDC2,activate,-1.0,differential_expression_effect,0.6971779366564773,2.0,0,,0.40940627470332364,0.3537043945471864,-0.05570188015613721,0.05570188015613721,0.0575727516228869,0.11012601879826134,79508,1.0,1.25,0.4152556349949053,0.023130519614646874,predicted_suppression,0.1
13,rap_plus_pathways,DHTKD1,inhibit,1.0,differential_expression_effect,0.6908306961041671,2.0,0,,0.40940627470332364,0.3537043945471864,-0.05570188015613721,0.05570188015613721,0.0575727516228869,0.11012601879826134,79508,1.0,1.25,0.4120820147187502,0.022953742998363395,predicted_suppression,0.1
14,rap_plus_pathways,NUDT3,inhibit,1.0,differential_expression_effect,0.6882075072090454,2.0,0,,0.40940627470332364,0.3537043945471864,-0.05570188015613721,0.05570188015613721,0.0575727516228869,0.11012601879826134,79508,1.0,1.25,0.4107704202711894,0.022880684721631905,predicted_suppression,0.1
15,rap_plus_pathways,ZWINT,inhibit,1.0,differential_expression_effect,0.6869889853380513,2.0,0,,0.40940627470332364,0.3537043945471864,-0.05570188015613721,0.05570188015613721,0.0575727516228869,0.11012601879826134,79508,1.0,1.25,0.4101611593356923,0.02284674774201903,predicted_suppression,0.1
16,rap_plus_pathways,YBX2,inhibit,1.0,differential_expression_effect,0.6835576591719393,2.0,0,,0.40940627470332364,0.3537043945471864,-0.05570188015613721,0.05570188015613721,0.0575727516228869,0.11012601879826134,79508,1.0,1.25,0.4084454962526363,0.02275118208257834,predicted_suppression,0.1
17,rap_plus_pathways,ARHGAP11A,inhibit,1.0,differential_expression_effect,0.6796115438135014,2.0,0,,0.40940627470332364,0.3537043945471864,-0.05570188015613721,0.05570188015613721,0.0575727516228869,0.11012601879826134,79508,1.0,1.25,0.40647243857341736,0.022641279060189336,predicted_suppression,0.1
18,rap_plus_pathways,NUF2,inhibit,1.0,differential_expression_effect,0.6675860052084984,2.0,0,,0.40940627470332364,0.3537043945471864,-0.05570188015613721,0.05570188015613721,0.0575727516228869,0.11012601879826134,79508,1.0,1.25,0.40045966927091586,0.0223063565050949,predicted_suppression,0.1
19,rap_plus_pathways,FBXO17,inhibit,1.0,differential_expression_effect,0.6531246883732527,2.0,0,,0.40940627470332364,0.3537043945471864,-0.05570188015613721,0.05570188015613721,0.0575727516228869,0.11012601879826134,79508,1.0,1.25,0.393229010853293,0.021903595236466504,predicted_suppression,0.1
20,rap_plus_pathways,NCF2,activate,-1.0,differential_expression_effect,0.6524182021795357,2.0,0,,0.40940627470332364,0.3537043945471864,-0.05570188015613721,0.05570188015613721,0.0575727516228869,0.11012601879826134,79508,1.0,1.25,0.3928757677564345,0.02188391893181931,predicted_suppression,0.1
21,rap_plus_pathways,KIF14,inhibit,1.0,differential_expression_effect,0.6503130591297537,2.0,0,,0.40940627470332364,0.3537043945471864,-0.05570188015613721,0.05570188015613721,0.0575727516228869,0.11012601879826134,79508,1.0,1.25,0.3918231962315435,0.02182528871888407,predicted_suppression,0.1
22,rap_plus_pathways,ENC1,activate,-1.0,differential_expression_effect,0.6496829350893555,2.0,0,,0.40940627470332364,0.3537043945471864,-0.05570188015613721,0.05570188015613721,0.0575727516228869,0.11012601879826134,79508,1.0,1.25,0.3915081342113444,0.021807739171993187,predicted_suppression,0.1
23,rap_plus_pathways,H4C8,activate,-1.0,differential_expression_effect,0.6461169056612761,2.0,0,,0.40940627470332364,0.3537043945471864,-0.05570188015613721,0.05570188015613721,0.0575727516228869,0.11012601879826134,79508,1.0,1.25,0.3897251194973047,0.02170842190007512,predicted_suppression,0.1
24,rap_plus_pathways,NCAPH,inhibit,1.0,differential_expression_effect,0.6304158464734002,2.0,0,,0.40940627470332364,0.3537043945471864,-0.05570188015613721,0.05570188015613721,0.0575727516228869,0.11012601879826134,79508,1.0,1.25,0.38187458990336676,0.02127113264147138,predicted_suppression,0.1
25,rap_plus_pathways,RND1,activate,-1.0,differential_expression_effect,0.625772321910648,2.0,0,,0.40940627470332364,0.3537043945471864,-0.05570188015613721,0.05570188015613721,0.0575727516228869,0.11012601879826134,79508,1.0,1.25,0.37955282762199066,0.02114180611712313,predicted_suppression,0.1
26,rap_plus_pathways,KIF20A,inhibit,1.0,differential_expression_effect,0.6085210341331331,2.0,0,,0.40940627470332364,0.3537043945471864,-0.05570188015613721,0.05570188015613721,0.0575727516228869,0.11012601879826134,79508,1.0,1.25,0.3709271837332332,0.020661341534962043,predicted_suppression,0.1
27,rap_plus_pathways,SYTL2,activate,-1.0,differential_expression_effect,0.607813155021956,2.0,0,,0.40940627470332364,0.3537043945471864,-0.05570188015613721,0.05570188015613721,0.0575727516228869,0.11012601879826134,79508,1.0,1.25,0.37057324417764465,0.020641626436254133,predicted_suppression,0.1
28,rap_plus_pathways,GPRC5A,activate,-1.0,differential_expression_effect,0.6065401780514027,2.0,0,,0.40940627470332364,0.3537043945471864,-0.05570188015613721,0.05570188015613721,0.0575727516228869,0.11012601879826134,79508,1.0,1.25,0.369936755692368,0.020606172830926493,predicted_suppression,0.1
29,rap_plus_pathways,ANXA1,activate,-1.0,differential_expression_effect,0.6065387251303759,2.0,0,,0.40940627470332364,0.3537043945471864,-0.05570188015613721,0.05570188015613721,0.0575727516228869,0.11012601879826134,79508,1.0,1.25,0.3699360292318546,0.020606132365710034,predicted_suppression,0.1
30,rap_plus_pathways,GAS2L3,inhibit,1.0,differential_expression_effect,0.6053413605080713,2.0,0,,0.40940627470332364,0.3537043945471864,-0.05570188015613721,0.05570188015613721,0.0575727516228869,0.11012601879826134,79508,1.0,1.25,0.3693373469207023,0.02057278463536263,predicted_suppression,0.1
31,rap_plus_pathways,MACC1,activate,-1.0,differential_expression_effect,0.5963635313460357,2.0,0,,0.40940627470332364,0.3537043945471864,-0.05570188015613721,0.05570188015613721,0.0575727516228869,0.11012601879826134,79508,1.0,1.25,0.3648484323396845,0.02032274365333964,predicted_suppression,0.1
32,rap_plus_pathways,IFI6,activate,-1.0,differential_expression_effect,0.8147518270098308,3.0,1,Interferon Alpha/Beta Signaling R-HSA-909733,0.40940627470332364,0.5704613307801959,0.16105505607687226,-0.16105505607687226,-0.1530771782771806,-3.5737755839513493e-09,0,0.0,1.25,0.6073759135049154,-0.09782096180927566,predicted_worsening,0.1
33,rap_plus_pathways,ISG15,activate,-1.0,differential_expression_effect,0.6665757308663266,2.0,3,Interferon Alpha Response;Interferon Alpha/Beta Signaling R-HSA-909733;Interferon Gamma Response,0.40940627470332364,0.6847704974317417,0.2753642227284182,-0.2753642227284182,-0.2590656753482494,-1.4332452761523576e-08,0,0.0,1.25,0.6999545320998299,-0.19274243567690333,predicted_worsening,0.1
34,rap_plus_pathways,IFI27,activate,-1.0,differential_expression_effect,0.6117934528541784,3.0,3,Interferon Alpha Response;Interferon Alpha/Beta Signaling R-HSA-909733;Interferon Gamma Response,0.40940627470332364,0.6847704974317417,0.2753642227284182,-0.2753642227284182,-0.2590656753482494,-1.4332452761523576e-08,0,0.0,1.25,0.7058967264270891,-0.19437870339913027,predicted_worsening,0.1
35,rap_plus_pathways,UBE2C,inhibit,1.0,differential_expression_effect,0.6201602651399948,2.0,1,G2-M Checkpoint,0.40940627470332364,0.9913650671117596,0.5819587924084361,-0.5819587924084361,-0.5815406662128996,-2.2704254508261076e-05,0,0.0,1.25,0.476746799236664,-0.2774469915683561,predicted_worsening,0.1
36,rap_plus_pathways,KNL1,inhibit,1.0,differential_expression_effect,0.6242033036182136,2.0,1,G2-M Checkpoint,0.40940627470332364,0.9913650671117596,0.5819587924084361,-0.5819587924084361,-0.5815406662128996,-2.2704254508261076e-05,0,0.0,1.25,0.47876831847577345,-0.2786234324635786,predicted_worsening,0.1
37,rap_plus_pathways,PBK,inhibit,1.0,differential_expression_effect,0.6421132486951168,2.0,1,G2-M Checkpoint,0.40940627470332364,0.9913650671117596,0.5819587924084361,-0.5819587924084361,-0.5815406662128996,-2.2704254508261076e-05,0,0.0,1.25,0.487723291014225,-0.2838348574681066,predicted_worsening,0.1
38,rap_plus_pathways,CCNA2,inhibit,1.0,differential_expression_effect,0.6722182796119277,2.0,1,G2-M Checkpoint,0.40940627470332364,0.9913650671117596,0.5819587924084361,-0.5819587924084361,-0.5815406662128996,-2.2704254508261076e-05,0,0.0,1.25,0.5027758064726305,-0.2925948011869896,predicted_worsening,0.1
39,rap_plus_pathways,KIF11,inhibit,1.0,differential_expression_effect,0.6880991043016356,2.0,1,G2-M Checkpoint,0.40940627470332364,0.9913650671117596,0.5819587924084361,-0.5819587924084361,-0.5815406662128996,-2.2704254508261076e-05,0,0.0,1.25,0.5107162188174844,-0.29721579396642583,predicted_worsening,0.1
40,rap_plus_pathways,PRC1,inhibit,1.0,differential_expression_effect,0.6915602903572053,2.0,1,G2-M Checkpoint,0.40940627470332364,0.9913650671117596,0.5819587924084361,-0.5819587924084361,-0.5815406662128996,-2.2704254508261076e-05,0,0.0,1.25,0.5124468118452693,-0.29822292779502596,predicted_worsening,0.1
41,rap_plus_pathways,AURKB,inhibit,1.0,differential_expression_effect,0.6030594551555394,2.0,2,E2F Targets;G2-M Checkpoint,0.40940627470332364,0.9554025828447641,0.5459963081414404,-0.5459963081414404,-0.5406796201164146,-1.4749706784638943e-06,0,0.0,1.25,0.5681963942444364,-0.31023313355674065,predicted_worsening,0.1
42,rap_plus_pathways,E2F1,inhibit,1.0,transition_model_effect,0.6874416343554115,3.0,1,G2-M Checkpoint,0.40940627470332364,0.9913650671117596,0.5819587924084361,-0.5819587924084361,-0.5815406662128996,-2.2704254508261076e-05,0,0.0,1.25,0.5437208171777057,-0.31642311017206565,predicted_worsening,0.1
43,rap_plus_pathways,CDC20,inhibit,1.0,differential_expression_effect,0.6363605104807625,2.0,2,E2F Targets;G2-M Checkpoint,0.40940627470332364,0.9554025828447641,0.5459963081414404,-0.5459963081414404,-0.5406796201164146,-1.4749706784638943e-06,0,0.0,1.25,0.5848469219070479,-0.31932426018913346,predicted_worsening,0.1
44,rap_plus_pathways,PLK1,inhibit,1.0,differential_expression_effect,0.6453224467779706,2.0,2,E2F Targets;G2-M Checkpoint,0.40940627470332364,0.9554025828447641,0.5459963081414404,-0.5459963081414404,-0.5406796201164146,-1.4749706784638943e-06,0,0.0,1.25,0.5893278900556519,-0.3217708522551706,predicted_worsening,0.1
45,rap_plus_pathways,CENPF,inhibit,1.0,differential_expression_effect,0.6703024014578206,4.0,1,G2-M Checkpoint,0.40940627470332364,0.9913650671117596,0.5819587924084361,-0.5819587924084361,-0.5815406662128996,-2.2704254508261076e-05,0,0.0,1.25,0.5684845340622436,-0.33083457294573576,predicted_worsening,0.1
46,rap_plus_pathways,H2AZ1,inhibit,1.0,differential_expression_effect,0.6153880489342868,3.0,2,E2F Targets;G2-M Checkpoint,0.40940627470332364,0.9554025828447641,0.5459963081414404,-0.5459963081414404,-0.5406796201164146,-1.4749706784638943e-06,0,0.0,1.25,0.6076940244671434,-0.33179869383867444,predicted_worsening,0.1
47,rap_plus_pathways,CKS1B,inhibit,1.0,differential_expression_effect,0.6875863313758503,2.0,2,E2F Targets;G2-M Checkpoint,0.40940627470332364,0.9554025828447641,0.5459963081414404,-0.5459963081414404,-0.5406796201164146,-1.4749706784638943e-06,0,0.0,1.25,0.6104598323545918,-0.3333088147342497,predicted_worsening,0.1
48,rap_plus_pathways,LMNB1,inhibit,1.0,differential_expression_effect,0.6887235532582613,2.0,2,E2F Targets;G2-M Checkpoint,0.40940627470332364,0.9554025828447641,0.5459963081414404,-0.5459963081414404,-0.5406796201164146,-1.4749706784638943e-06,0,0.0,1.25,0.6110284432957973,-0.3336192742089168,predicted_worsening,0.1
49,rap_plus_pathways,MKI67,inhibit,1.0,differential_expression_effect,0.6708860019200854,4.0,2,E2F Targets;G2-M Checkpoint,0.40940627470332364,0.9554025828447641,0.5459963081414404,-0.5459963081414404,-0.5406796201164146,-1.4749706784638943e-06,0,0.0,1.25,0.668776334293376,-0.36514940949654906,predicted_worsening,0.1
50,rap_plus_pathways,TOP2A,inhibit,1.0,differential_expression_effect,0.7809166065664604,4.0,2,E2F Targets;G2-M Checkpoint,0.40940627470332364,0.9554025828447641,0.5459963081414404,-0.5459963081414404,-0.5406796201164146,-1.4749706784638943e-06,0,0.0,1.25,0.7237916366165635,-0.3951875614562947,predicted_worsening,0.1
1,rap_plus_pathways,HMGB2,inhibit,1.0,differential_expression_effect,0.7573902312818401,3.0,1,E2F Targets,0.40940627470332364,0.0466914833188684,-0.3627147913844552,0.3627147913844552,0.3900323716567202,0.744158532590077,79508,1.0,1.25,0.57869511564092,0.2099012781448995,predicted_suppression,0.25
2,rap_plus_pathways,RRM2,inhibit,1.0,differential_expression_effect,0.6884224623231245,2.0,1,E2F Targets,0.40940627470332364,0.0466914833188684,-0.3627147913844552,0.3627147913844552,0.3900323716567202,0.744158532590077,79508,1.0,1.25,0.5108778978282289,0.18530297013369507,predicted_suppression,0.25
3,rap_plus_pathways,GINS1,inhibit,1.0,differential_expression_effect,0.6352045905748,2.0,1,E2F Targets,0.40940627470332364,0.0466914833188684,-0.3627147913844552,0.3627147913844552,0.3900323716567202,0.744158532590077,79508,1.0,1.25,0.48426896195406666,0.17565151550913596,predicted_suppression,0.25
4,rap_plus_pathways,MELK,inhibit,1.0,differential_expression_effect,0.5980906638233262,2.0,1,E2F Targets,0.40940627470332364,0.0466914833188684,-0.3627147913844552,0.3627147913844552,0.3900323716567202,0.744158532590077,79508,1.0,1.25,0.46571199857832973,0.16892063040957658,predicted_suppression,0.25
5,rap_plus_pathways,KRT80,activate,-1.0,differential_expression_effect,0.6995790414627282,2.0,1,Keratinization R-HSA-6805567,0.40940627470332364,0.22548951383916754,-0.18391676086415612,0.18391676086415612,0.20596194473059432,0.3557410088405639,79508,1.0,1.25,0.5164561873980308,0.09498494911449742,predicted_suppression,0.25
6,rap_plus_pathways,IVL,activate,-1.0,differential_expression_effect,0.6192567491510668,2.0,1,Keratinization R-HSA-6805567,0.40940627470332364,0.22548951383916754,-0.18391676086415612,0.18391676086415612,0.20596194473059432,0.3557410088405639,79508,1.0,1.25,0.4762950412422,0.08759864120092507,predicted_suppression,0.25
7,rap_plus_pathways,CLU,activate,-1.0,differential_expression_effect,0.7603539739481504,2.0,0,,0.40940627470332364,0.27067235366156306,-0.13873392104176055,0.13873392104176055,0.1510303051682496,0.2696035051535969,79508,1.0,1.25,0.44684365364074186,0.06199237216220648,predicted_suppression,0.25
8,rap_plus_pathways,BCAS1,activate,-1.0,differential_expression_effect,0.6837812817613224,3.0,0,,0.40940627470332364,0.27067235366156306,-0.13873392104176055,0.13873392104176055,0.1510303051682496,0.2696035051535969,79508,1.0,1.25,0.4418906408806612,0.06130522128103062,predicted_suppression,0.25
9,rap_plus_pathways,MYO1B,activate,-1.0,differential_expression_effect,0.7054155897786791,2.0,0,,0.40940627470332364,0.27067235366156306,-0.13873392104176055,0.13873392104176055,0.1510303051682496,0.2696035051535969,79508,1.0,1.25,0.4193744615560062,0.05818146343644181,predicted_suppression,0.25
10,rap_plus_pathways,H4C3,inhibit,1.0,differential_expression_effect,0.705187779578552,2.0,0,,0.40940627470332364,0.27067235366156306,-0.13873392104176055,0.13873392104176055,0.1510303051682496,0.2696035051535969,79508,1.0,1.25,0.4192605564559427,0.058165660935283345,predicted_suppression,0.25
11,rap_plus_pathways,PHGDH,inhibit,1.0,differential_expression_effect,0.7003715177248218,2.0,0,,0.40940627470332364,0.27067235366156306,-0.13873392104176055,0.13873392104176055,0.1510303051682496,0.2696035051535969,79508,1.0,1.25,0.41685242552907753,0.057831571489417415,predicted_suppression,0.25
12,rap_plus_pathways,SDC2,activate,-1.0,differential_expression_effect,0.6971779366564773,2.0,0,,0.40940627470332364,0.27067235366156306,-0.13873392104176055,0.13873392104176055,0.1510303051682496,0.2696035051535969,79508,1.0,1.25,0.4152556349949053,0.05761004247752933,predicted_suppression,0.25
13,rap_plus_pathways,DHTKD1,inhibit,1.0,differential_expression_effect,0.6908306961041671,2.0,0,,0.40940627470332364,0.27067235366156306,-0.13873392104176055,0.13873392104176055,0.1510303051682496,0.2696035051535969,79508,1.0,1.25,0.4120820147187502,0.057169753692720704,predicted_suppression,0.25
14,rap_plus_pathways,NUDT3,inhibit,1.0,differential_expression_effect,0.6882075072090454,2.0,0,,0.40940627470332364,0.27067235366156306,-0.13873392104176055,0.13873392104176055,0.1510303051682496,0.2696035051535969,79508,1.0,1.25,0.4107704202711894,0.05698779105219398,predicted_suppression,0.25
15,rap_plus_pathways,ZWINT,inhibit,1.0,differential_expression_effect,0.6869889853380513,2.0,0,,0.40940627470332364,0.27067235366156306,-0.13873392104176055,0.13873392104176055,0.1510303051682496,0.2696035051535969,79508,1.0,1.25,0.4101611593356923,0.056903265893674906,predicted_suppression,0.25
16,rap_plus_pathways,YBX2,inhibit,1.0,differential_expression_effect,0.6835576591719393,2.0,0,,0.40940627470332364,0.27067235366156306,-0.13873392104176055,0.13873392104176055,0.1510303051682496,0.2696035051535969,79508,1.0,1.25,0.4084454962526363,0.056665245226975955,predicted_suppression,0.25
17,rap_plus_pathways,ARHGAP11A,inhibit,1.0,differential_expression_effect,0.6796115438135014,2.0,0,,0.40940627470332364,0.27067235366156306,-0.13873392104176055,0.13873392104176055,0.1510303051682496,0.2696035051535969,79508,1.0,1.25,0.40647243857341736,0.05639151519869635,predicted_suppression,0.25
18,rap_plus_pathways,NUF2,inhibit,1.0,differential_expression_effect,0.6675860052084984,2.0,0,,0.40940627470332364,0.27067235366156306,-0.13873392104176055,0.13873392104176055,0.1510303051682496,0.2696035051535969,79508,1.0,1.25,0.40045966927091586,0.055557340137040785,predicted_suppression,0.25
19,rap_plus_pathways,FBXO17,inhibit,1.0,differential_expression_effect,0.6531246883732527,2.0,0,,0.40940627470332364,0.27067235366156306,-0.13873392104176055,0.13873392104176055,0.1510303051682496,0.2696035051535969,79508,1.0,1.25,0.393229010853293,0.05455420254305035,predicted_suppression,0.25
20,rap_plus_pathways,NCF2,activate,-1.0,differential_expression_effect,0.6524182021795357,2.0,0,,0.40940627470332364,0.27067235366156306,-0.13873392104176055,0.13873392104176055,0.1510303051682496,0.2696035051535969,79508,1.0,1.25,0.3928757677564345,0.05450519574314224,predicted_suppression,0.25
21,rap_plus_pathways,KIF14,inhibit,1.0,differential_expression_effect,0.6503130591297537,2.0,0,,0.40940627470332364,0.27067235366156306,-0.13873392104176055,0.13873392104176055,0.1510303051682496,0.2696035051535969,79508,1.0,1.25,0.3918231962315435,0.0543591683683172,predicted_suppression,0.25
22,rap_plus_pathways,ENC1,activate,-1.0,differential_expression_effect,0.6496829350893555,2.0,0,,0.40940627470332364,0.27067235366156306,-0.13873392104176055,0.13873392104176055,0.1510303051682496,0.2696035051535969,79508,1.0,1.25,0.3915081342113444,0.054315458578883646,predicted_suppression,0.25
23,rap_plus_pathways,H4C8,activate,-1.0,differential_expression_effect,0.6461169056612761,2.0,0,,0.40940627470332364,0.27067235366156306,-0.13873392104176055,0.13873392104176055,0.1510303051682496,0.2696035051535969,79508,1.0,1.25,0.3897251194973047,0.05406809395632976,predicted_suppression,0.25
24,rap_plus_pathways,NCAPH,inhibit,1.0,differential_expression_effect,0.6304158464734002,2.0,0,,0.40940627470332364,0.27067235366156306,-0.13873392104176055,0.13873392104176055,0.1510303051682496,0.2696035051535969,79508,1.0,1.25,0.38187458990336676,0.052978959203508376,predicted_suppression,0.25
25,rap_plus_pathways,RND1,activate,-1.0,differential_expression_effect,0.625772321910648,2.0,0,,0.40940627470332364,0.27067235366156306,-0.13873392104176055,0.13873392104176055,0.1510303051682496,0.2696035051535969,79508,1.0,1.25,0.37955282762199066,0.0526568520184862,predicted_suppression,0.25
26,rap_plus_pathways,KIF20A,inhibit,1.0,differential_expression_effect,0.6085210341331331,2.0,0,,0.40940627470332364,0.27067235366156306,-0.13873392104176055,0.13873392104176055,0.1510303051682496,0.2696035051535969,79508,1.0,1.25,0.3709271837332332,0.05146018262028898,predicted_suppression,0.25
27,rap_plus_pathways,SYTL2,activate,-1.0,differential_expression_effect,0.607813155021956,2.0,0,,0.40940627470332364,0.27067235366156306,-0.13873392104176055,0.13873392104176055,0.1510303051682496,0.2696035051535969,79508,1.0,1.25,0.37057324417764465,0.05141107919793041,predicted_suppression,0.25
28,rap_plus_pathways,GPRC5A,activate,-1.0,differential_expression_effect,0.6065401780514027,2.0,0,,0.40940627470332364,0.27067235366156306,-0.13873392104176055,0.13873392104176055,0.1510303051682496,0.2696035051535969,79508,1.0,1.25,0.369936755692368,0.05132277665467005,predicted_suppression,0.25
29,rap_plus_pathways,ANXA1,activate,-1.0,differential_expression_effect,0.6065387251303759,2.0,0,,0.40940627470332364,0.27067235366156306,-0.13873392104176055,0.13873392104176055,0.1510303051682496,0.2696035051535969,79508,1.0,1.25,0.3699360292318546,0.05132267586995454,predicted_suppression,0.25
30,rap_plus_pathways,GAS2L3,inhibit,1.0,differential_expression_effect,0.6053413605080713,2.0,0,,0.40940627470332364,0.27067235366156306,-0.13873392104176055,0.13873392104176055,0.1510303051682496,0.2696035051535969,79508,1.0,1.25,0.3693373469207023,0.05123961832547004,predicted_suppression,0.25
31,rap_plus_pathways,MACC1,activate,-1.0,differential_expression_effect,0.5963635313460357,2.0,0,,0.40940627470332364,0.27067235366156306,-0.13873392104176055,0.13873392104176055,0.1510303051682496,0.2696035051535969,79508,1.0,1.25,0.3648484323396845,0.0506168536044239,predicted_suppression,0.25
32,rap_plus_pathways,IFI6,activate,-1.0,differential_expression_effect,0.8147518270098308,3.0,1,Interferon Alpha/Beta Signaling R-HSA-909733,0.40940627470332364,0.49782485917899055,0.08841858447566697,-0.08841858447566697,-0.08548636075880134,-1.2735255863725438e-09,0,0.0,1.25,0.6073759135049154,-0.05370331851671976,predicted_worsening,0.25
33,rap_plus_pathways,ISG15,activate,-1.0,differential_expression_effect,0.6665757308663266,2.0,3,Interferon Alpha Response;Interferon Alpha/Beta Signaling R-HSA-909733;Interferon Gamma Response,0.40940627470332364,0.6228692960712435,0.2134630213679199,-0.2134630213679199,-0.20232421378466056,-6.815028446139511e-09,0,0.0,1.25,0.6999545320998299,-0.14941440924219837,predicted_worsening,0.25
34,rap_plus_pathways,IFI27,activate,-1.0,differential_expression_effect,0.6117934528541784,3.0,3,Interferon Alpha Response;Interferon Alpha/Beta Signaling R-HSA-909733;Interferon Gamma Response,0.40940627470332364,0.6228692960712435,0.2134630213679199,-0.2134630213679199,-0.20232421378466056,-6.815028446139511e-09,0,0.0,1.25,0.7058967264270891,-0.15068284799685042,predicted_worsening,0.25
35,rap_plus_pathways,UBE2C,inhibit,1.0,differential_expression_effect,0.6201602651399948,2.0,1,G2-M Checkpoint,0.40940627470332364,0.9870736564294693,0.5776673817261456,-0.5776673817261456,-0.5771343773148907,-1.169390722624329e-05,0,0.0,1.25,0.476746799236664,-0.2754010752613641,predicted_worsening,0.25
36,rap_plus_pathways,KNL1,inhibit,1.0,differential_expression_effect,0.6242033036182136,2.0,1,G2-M Checkpoint,0.40940627470332364,0.9870736564294693,0.5776673817261456,-0.5776673817261456,-0.5771343773148907,-1.169390722624329e-05,0,0.0,1.25,0.47876831847577345,-0.2765688409873295,predicted_worsening,0.25
37,rap_plus_pathways,PBK,inhibit,1.0,differential_expression_effect,0.6421132486951168,2.0,1,G2-M Checkpoint,0.40940627470332364,0.9870736564294693,0.5776673817261456,-0.5776673817261456,-0.5771343773148907,-1.169390722624329e-05,0,0.0,1.25,0.487723291014225,-0.2817418365270463,predicted_worsening,0.25
38,rap_plus_pathways,CCNA2,inhibit,1.0,differential_expression_effect,0.6722182796119277,2.0,1,G2-M Checkpoint,0.40940627470332364,0.9870736564294693,0.5776673817261456,-0.5776673817261456,-0.5771343773148907,-1.169390722624329e-05,0,0.0,1.25,0.5027758064726305,-0.29043718372029576,predicted_worsening,0.25
39,rap_plus_pathways,KIF11,inhibit,1.0,differential_expression_effect,0.6880991043016356,2.0,1,G2-M Checkpoint,0.40940627470332364,0.9870736564294693,0.5776673817261456,-0.5776673817261456,-0.5771343773148907,-1.169390722624329e-05,0,0.0,1.25,0.5107162188174844,-0.2950241009293735,predicted_worsening,0.25
40,rap_plus_pathways,PRC1,inhibit,1.0,differential_expression_effect,0.6915602903572053,2.0,1,G2-M Checkpoint,0.40940627470332364,0.9870736564294693,0.5776673817261456,-0.5776673817261456,-0.5771343773148907,-1.169390722624329e-05,0,0.0,1.25,0.5124468118452693,-0.2960238080725675,predicted_worsening,0.25
41,rap_plus_pathways,AURKB,inhibit,1.0,differential_expression_effect,0.6030594551555394,2.0,2,E2F Targets;G2-M Checkpoint,0.40940627470332364,0.9356096155723503,0.5262033408690268,-0.5262033408690268,-0.5167337019819733,-7.591507056443022e-07,0,0.0,1.25,0.5681963942444364,-0.29898684092115707,predicted_worsening,0.25
42,rap_plus_pathways,CDC20,inhibit,1.0,differential_expression_effect,0.6363605104807625,2.0,2,E2F Targets;G2-M Checkpoint,0.40940627470332364,0.9356096155723503,0.5262033408690268,-0.5262033408690268,-0.5167337019819733,-7.591507056443022e-07,0,0.0,1.25,0.5848469219070479,-0.3077484042044554,predicted_worsening,0.25
43,rap_plus_pathways,PLK1,inhibit,1.0,differential_expression_effect,0.6453224467779706,2.0,2,E2F Targets;G2-M Checkpoint,0.40940627470332364,0.9356096155723503,0.5262033408690268,-0.5262033408690268,-0.5167337019819733,-7.591507056443022e-07,0,0.0,1.25,0.5893278900556519,-0.3101063046145785,predicted_worsening,0.25
44,rap_plus_pathways,E2F1,inhibit,1.0,transition_model_effect,0.6874416343554115,3.0,1,G2-M Checkpoint,0.40940627470332364,0.9870736564294693,0.5776673817261456,-0.5776673817261456,-0.5771343773148907,-1.169390722624329e-05,0,0.0,1.25,0.5437208171777057,-0.31408978084904554,predicted_worsening,0.25
45,rap_plus_pathways,H2AZ1,inhibit,1.0,differential_expression_effect,0.6153880489342868,3.0,2,E2F Targets;G2-M Checkpoint,0.40940627470332364,0.9356096155723503,0.5262033408690268,-0.5262033408690268,-0.5167337019819733,-7.591507056443022e-07,0,0.0,1.25,0.6076940244671434,-0.31977062590075495,predicted_worsening,0.25
46,rap_plus_pathways,CKS1B,inhibit,1.0,differential_expression_effect,0.6875863313758503,2.0,2,E2F Targets;G2-M Checkpoint,0.40940627470332364,0.9356096155723503,0.5262033408690268,-0.5262033408690268,-0.5167337019819733,-7.591507056443022e-07,0,0.0,1.25,0.6104598323545918,-0.3212260032513322,predicted_worsening,0.25
47,rap_plus_pathways,LMNB1,inhibit,1.0,differential_expression_effect,0.6887235532582613,2.0,2,E2F Targets;G2-M Checkpoint,0.40940627470332364,0.9356096155723503,0.5262033408690268,-0.5262033408690268,-0.5167337019819733,-7.591507056443022e-07,0,0.0,1.25,0.6110284432957973,-0.3215252082282492,predicted_worsening,0.25
48,rap_plus_pathways,CENPF,inhibit,1.0,differential_expression_effect,0.6703024014578206,4.0,1,G2-M Checkpoint,0.40940627470332364,0.9870736564294693,0.5776673817261456,-0.5776673817261456,-0.5771343773148907,-1.169390722624329e-05,0,0.0,1.25,0.5684845340622436,-0.32839497234354414,predicted_worsening,0.25
49,rap_plus_pathways,MKI67,inhibit,1.0,differential_expression_effect,0.6708860019200854,4.0,2,E2F Targets;G2-M Checkpoint,0.40940627470332364,0.9356096155723503,0.5262033408690268,-0.5262033408690268,-0.5167337019819733,-7.591507056443022e-07,0,0.0,1.25,0.668776334293376,-0.35191234139931554,predicted_worsening,0.25
50,rap_plus_pathways,TOP2A,inhibit,1.0,differential_expression_effect,0.7809166065664604,4.0,2,E2F Targets;G2-M Checkpoint,0.40940627470332364,0.9356096155723503,0.5262033408690268,-0.5262033408690268,-0.5167337019819733,-7.591507056443022e-07,0,0.0,1.25,0.7237916366165635,-0.3808615772806963,predicted_worsening,0.25
1,rap_plus_pathways,HMGB2,inhibit,1.0,differential_expression_effect,0.7573902312818401,3.0,1,E2F Targets,0.40940627470332364,0.01799745125002908,-0.39140882345329453,0.39140882345329453,0.4038875721759114,0.8443599931763928,79508,1.0,1.25,0.57869511564092,0.22650637435118073,predicted_suppression,0.5
2,rap_plus_pathways,RRM2,inhibit,1.0,differential_expression_effect,0.6884224623231245,2.0,1,E2F Targets,0.40940627470332364,0.01799745125002908,-0.39140882345329453,0.39140882345329453,0.4038875721759114,0.8443599931763928,79508,1.0,1.25,0.5108778978282289,0.19996211691723947,predicted_suppression,0.5
3,rap_plus_pathways,GINS1,inhibit,1.0,differential_expression_effect,0.6352045905748,2.0,1,E2F Targets,0.40940627470332364,0.01799745125002908,-0.39140882345329453,0.39140882345329453,0.4038875721759114,0.8443599931763928,79508,1.0,1.25,0.48426896195406666,0.18954714463338948,predicted_suppression,0.5
4,rap_plus_pathways,MELK,inhibit,1.0,differential_expression_effect,0.5980906638233262,2.0,1,E2F Targets,0.40940627470332364,0.01799745125002908,-0.39140882345329453,0.39140882345329453,0.4038875721759114,0.8443599931763928,79508,1.0,1.25,0.46571199857832973,0.1822837854316264,predicted_suppression,0.5
5,rap_plus_pathways,KRT80,activate,-1.0,differential_expression_effect,0.6995790414627282,2.0,1,Keratinization R-HSA-6805567,0.40940627470332364,0.1178545124502854,-0.29155176225303825,0.29155176225303825,0.33082702006149456,0.5706171785682908,79508,1.0,1.25,0.5164561873980308,0.15057371156238125,predicted_suppression,0.5
6,rap_plus_pathways,IVL,activate,-1.0,differential_expression_effect,0.6192567491510668,2.0,1,Keratinization R-HSA-6805567,0.40940627470332364,0.1178545124502854,-0.29155176225303825,0.29155176225303825,0.33082702006149456,0.5706171785682908,79508,1.0,1.25,0.4762950412422,0.13886465862654696,predicted_suppression,0.5
7,rap_plus_pathways,CLU,activate,-1.0,differential_expression_effect,0.7603539739481504,2.0,0,,0.40940627470332364,0.150461588805857,-0.2589446858974666,0.2589446858974666,0.29498633462496976,0.502669919439017,79508,1.0,1.25,0.44684365364074186,0.11570778953727825,predicted_suppression,0.5
8,rap_plus_pathways,BCAS1,activate,-1.0,differential_expression_effect,0.6837812817613224,3.0,0,,0.40940627470332364,0.150461588805857,-0.2589446858974666,0.2589446858974666,0.29498633462496976,0.502669919439017,79508,1.0,1.25,0.4418906408806612,0.11442523320387303,predicted_suppression,0.5
9,rap_plus_pathways,MYO1B,activate,-1.0,differential_expression_effect,0.7054155897786791,2.0,0,,0.40940627470332364,0.150461588805857,-0.2589446858974666,0.2589446858974666,0.29498633462496976,0.502669919439017,79508,1.0,1.25,0.4193744615560062,0.10859478822103921,predicted_suppression,0.5
10,rap_plus_pathways,H4C3,inhibit,1.0,differential_expression_effect,0.705187779578552,2.0,0,,0.40940627470332364,0.150461588805857,-0.2589446858974666,0.2589446858974666,0.29498633462496976,0.502669919439017,79508,1.0,1.25,0.4192605564559427,0.10856529310068114,predicted_suppression,0.5
11,rap_plus_pathways,PHGDH,inhibit,1.0,differential_expression_effect,0.7003715177248218,2.0,0,,0.40940627470332364,0.150461588805857,-0.2589446858974666,0.2589446858974666,0.29498633462496976,0.502669919439017,79508,1.0,1.25,0.41685242552907753,0.10794172039422407,predicted_suppression,0.5
12,rap_plus_pathways,SDC2,activate,-1.0,differential_expression_effect,0.6971779366564773,2.0,0,,0.40940627470332364,0.150461588805857,-0.2589446858974666,0.2589446858974666,0.29498633462496976,0.502669919439017,79508,1.0,1.25,0.4152556349949053,0.1075282399709088,predicted_suppression,0.5
13,rap_plus_pathways,DHTKD1,inhibit,1.0,differential_expression_effect,0.6908306961041671,2.0,0,,0.40940627470332364,0.150461588805857,-0.2589446858974666,0.2589446858974666,0.29498633462496976,0.502669919439017,79508,1.0,1.25,0.4120820147187502,0.10670644786534199,predicted_suppression,0.5
14,rap_plus_pathways,NUDT3,inhibit,1.0,differential_expression_effect,0.6882075072090454,2.0,0,,0.40940627470332364,0.150461588805857,-0.2589446858974666,0.2589446858974666,0.29498633462496976,0.502669919439017,79508,1.0,1.25,0.4107704202711894,0.10636681745309348,predicted_suppression,0.5
15,rap_plus_pathways,ZWINT,inhibit,1.0,differential_expression_effect,0.6869889853380513,2.0,0,,0.40940627470332364,0.150461588805857,-0.2589446858974666,0.2589446858974666,0.29498633462496976,0.502669919439017,79508,1.0,1.25,0.4101611593356923,0.10620905257152159,predicted_suppression,0.5
16,rap_plus_pathways,YBX2,inhibit,1.0,differential_expression_effect,0.6835576591719393,2.0,0,,0.40940627470332364,0.150461588805857,-0.2589446858974666,0.2589446858974666,0.29498633462496976,0.502669919439017,79508,1.0,1.25,0.4084454962526363,0.10576479073337379,predicted_suppression,0.5
17,rap_plus_pathways,ARHGAP11A,inhibit,1.0,differential_expression_effect,0.6796115438135014,2.0,0,,0.40940627470332364,0.150461588805857,-0.2589446858974666,0.2589446858974666,0.29498633462496976,0.502669919439017,79508,1.0,1.25,0.40647243857341736,0.10525387793237084,predicted_suppression,0.5
18,rap_plus_pathways,NUF2,inhibit,1.0,differential_expression_effect,0.6675860052084984,2.0,0,,0.40940627470332364,0.150461588805857,-0.2589446858974666,0.2589446858974666,0.29498633462496976,0.502669919439017,79508,1.0,1.25,0.40045966927091586,0.10369690327396067,predicted_suppression,0.5
19,rap_plus_pathways,FBXO17,inhibit,1.0,differential_expression_effect,0.6531246883732527,2.0,0,,0.40940627470332364,0.150461588805857,-0.2589446858974666,0.2589446858974666,0.29498633462496976,0.502669919439017,79508,1.0,1.25,0.393229010853293,0.10182456270117744,predicted_suppression,0.5
20,rap_plus_pathways,NCF2,activate,-1.0,differential_expression_effect,0.6524182021795357,2.0,0,,0.40940627470332364,0.150461588805857,-0.2589446858974666,0.2589446858974666,0.29498633462496976,0.502669919439017,79508,1.0,1.25,0.3928757677564345,0.10173309227841597,predicted_suppression,0.5
21,rap_plus_pathways,KIF14,inhibit,1.0,differential_expression_effect,0.6503130591297537,2.0,0,,0.40940627470332364,0.150461588805857,-0.2589446858974666,0.2589446858974666,0.29498633462496976,0.502669919439017,79508,1.0,1.25,0.3918231962315435,0.10146053447551845,predicted_suppression,0.5
22,rap_plus_pathways,ENC1,activate,-1.0,differential_expression_effect,0.6496829350893555,2.0,0,,0.40940627470332364,0.150461588805857,-0.2589446858974666,0.2589446858974666,0.29498633462496976,0.502669919439017,79508,1.0,1.25,0.3915081342113444,0.10137895083965978,predicted_suppression,0.5
23,rap_plus_pathways,H4C8,activate,-1.0,differential_expression_effect,0.6461169056612761,2.0,0,,0.40940627470332364,0.150461588805857,-0.2589446858974666,0.2589446858974666,0.29498633462496976,0.502669919439017,79508,1.0,1.25,0.3897251194973047,0.10091724865458221,predicted_suppression,0.5
24,rap_plus_pathways,NCAPH,inhibit,1.0,differential_expression_effect,0.6304158464734002,2.0,0,,0.40940627470332364,0.150461588805857,-0.2589446858974666,0.2589446858974666,0.29498633462496976,0.502669919439017,79508,1.0,1.25,0.38187458990336676,0.09888439573475118,predicted_suppression,0.5
25,rap_plus_pathways,RND1,activate,-1.0,differential_expression_effect,0.625772321910648,2.0,0,,0.40940627470332364,0.150461588805857,-0.2589446858974666,0.2589446858974666,0.29498633462496976,0.502669919439017,79508,1.0,1.25,0.37955282762199066,0.09828318773007166,predicted_suppression,0.5
26,rap_plus_pathways,KIF20A,inhibit,1.0,differential_expression_effect,0.6085210341331331,2.0,0,,0.40940627470332364,0.150461588805857,-0.2589446858974666,0.2589446858974666,0.29498633462496976,0.502669919439017,79508,1.0,1.25,0.3709271837332332,0.09604962308263396,predicted_suppression,0.5
27,rap_plus_pathways,SYTL2,activate,-1.0,differential_expression_effect,0.607813155021956,2.0,0,,0.40940627470332364,0.150461588805857,-0.2589446858974666,0.2589446858974666,0.29498633462496976,0.502669919439017,79508,1.0,1.25,0.37057324417764465,0.0959579723155854,predicted_suppression,0.5
28,rap_plus_pathways,GPRC5A,activate,-1.0,differential_expression_effect,0.6065401780514027,2.0,0,,0.40940627470332364,0.150461588805857,-0.2589446858974666,0.2589446858974666,0.29498633462496976,0.502669919439017,79508,1.0,1.25,0.369936755692368,0.09579315700468807,predicted_suppression,0.5
29,rap_plus_pathways,ANXA1,activate,-1.0,differential_expression_effect,0.6065387251303759,2.0,0,,0.40940627470332364,0.150461588805857,-0.2589446858974666,0.2589446858974666,0.29498633462496976,0.502669919439017,79508,1.0,1.25,0.3699360292318546,0.0957929688915986,predicted_suppression,0.5
30,rap_plus_pathways,GAS2L3,inhibit,1.0,differential_expression_effect,0.6053413605080713,2.0,0,,0.40940627470332364,0.150461588805857,-0.2589446858974666,0.2589446858974666,0.29498633462496976,0.502669919439017,79508,1.0,1.25,0.3693373469207023,0.09563794328858491,predicted_suppression,0.5
31,rap_plus_pathways,MACC1,activate,-1.0,differential_expression_effect,0.5963635313460357,2.0,0,,0.40940627470332364,0.150461588805857,-0.2589446858974666,0.2589446858974666,0.29498633462496976,0.502669919439017,79508,1.0,1.25,0.3648484323396845,0.09447556271238271,predicted_suppression,0.5
32,rap_plus_pathways,IFI6,activate,-1.0,differential_expression_effect,0.8147518270098308,3.0,1,Interferon Alpha/Beta Signaling R-HSA-909733,0.40940627470332364,0.3629677126222619,-0.0464385620810617,0.0464385620810617,0.047742779329725094,0.09203436701017959,79508,1.0,1.25,0.6073759135049154,0.028205664065839575,predicted_suppression,0.5
33,rap_plus_pathways,ISG15,activate,-1.0,differential_expression_effect,0.6665757308663266,2.0,3,Interferon Alpha Response;Interferon Alpha/Beta Signaling R-HSA-909733;Interferon Gamma Response,0.40940627470332364,0.5067797232025283,0.09737344849920478,-0.09737344849920478,-0.09399154661330653,-1.4729461372351661e-09,0,0.0,1.25,0.6999545320998299,-0.06815698658320776,predicted_worsening,0.5
34,rap_plus_pathways,IFI27,activate,-1.0,differential_expression_effect,0.6117934528541784,3.0,3,Interferon Alpha Response;Interferon Alpha/Beta Signaling R-HSA-909733;Interferon Gamma Response,0.40940627470332364,0.5067797232025283,0.09737344849920478,-0.09737344849920478,-0.09399154661330653,-1.4729461372351661e-09,0,0.0,1.25,0.7058967264270891,-0.0687355985365054,predicted_worsening,0.5
35,rap_plus_pathways,UBE2C,inhibit,1.0,differential_expression_effect,0.6201602651399948,2.0,1,G2-M Checkpoint,0.40940627470332364,0.9746746901761878,0.5652684154728642,-0.5652684154728642,-0.5635959312422483,-3.869513383823465e-06,0,0.0,1.25,0.476746799236664,-0.2694899077862688,predicted_worsening,0.5
36,rap_plus_pathways,KNL1,inhibit,1.0,differential_expression_effect,0.6242033036182136,2.0,1,G2-M Checkpoint,0.40940627470332364,0.9746746901761878,0.5652684154728642,-0.5652684154728642,-0.5635959312422483,-3.869513383823465e-06,0,0.0,1.25,0.47876831847577345,-0.27063260876340806,predicted_worsening,0.5
37,rap_plus_pathways,AURKB,inhibit,1.0,differential_expression_effect,0.6030594551555394,2.0,2,E2F Targets;G2-M Checkpoint,0.40940627470332364,0.8877550297301319,0.47834875502680835,-0.47834875502680835,-0.4614320732682708,-2.504693161127372e-07,0,0.0,1.25,0.5681963942444364,-0.2717960377975477,predicted_worsening,0.5
38,rap_plus_pathways,PBK,inhibit,1.0,differential_expression_effect,0.6421132486951168,2.0,1,G2-M Checkpoint,0.40940627470332364,0.9746746901761878,0.5652684154728642,-0.5652684154728642,-0.5635959312422483,-3.869513383823465e-06,0,0.0,1.25,0.487723291014225,-0.2756945719008216,predicted_worsening,0.5
39,rap_plus_pathways,CDC20,inhibit,1.0,differential_expression_effect,0.6363605104807625,2.0,2,E2F Targets;G2-M Checkpoint,0.40940627470332364,0.8877550297301319,0.47834875502680835,-0.47834875502680835,-0.4614320732682708,-2.504693161127372e-07,0,0.0,1.25,0.5848469219070479,-0.2797607969754974,predicted_worsening,0.5
40,rap_plus_pathways,PLK1,inhibit,1.0,differential_expression_effect,0.6453224467779706,2.0,2,E2F Targets;G2-M Checkpoint,0.40940627470332364,0.8877550297301319,0.47834875502680835,-0.47834875502680835,-0.4614320732682708,-2.504693161127372e-07,0,0.0,1.25,0.5893278900556519,-0.2819042625106969,predicted_worsening,0.5
41,rap_plus_pathways,CCNA2,inhibit,1.0,differential_expression_effect,0.6722182796119277,2.0,1,G2-M Checkpoint,0.40940627470332364,0.9746746901761878,0.5652684154728642,-0.5652684154728642,-0.5635959312422483,-3.869513383823465e-06,0,0.0,1.25,0.5027758064726305,-0.28420328346287527,predicted_worsening,0.5
42,rap_plus_pathways,KIF11,inhibit,1.0,differential_expression_effect,0.6880991043016356,2.0,1,G2-M Checkpoint,0.40940627470332364,0.9746746901761878,0.5652684154728642,-0.5652684154728642,-0.5635959312422483,-3.869513383823465e-06,0,0.0,1.25,0.5107162188174844,-0.28869174776725204,predicted_worsening,0.5
43,rap_plus_pathways,PRC1,inhibit,1.0,differential_expression_effect,0.6915602903572053,2.0,1,G2-M Checkpoint,0.40940627470332364,0.9746746901761878,0.5652684154728642,-0.5652684154728642,-0.5635959312422483,-3.869513383823465e-06,0,0.0,1.25,0.5124468118452693,-0.2896699973458964,predicted_worsening,0.5
44,rap_plus_pathways,H2AZ1,inhibit,1.0,differential_expression_effect,0.6153880489342868,3.0,2,E2F Targets;G2-M Checkpoint,0.40940627470332364,0.8877550297301319,0.47834875502680835,-0.47834875502680835,-0.4614320732682708,-2.504693161127372e-07,0,0.0,1.25,0.6076940244671434,-0.29068968004108886,predicted_worsening,0.5
45,rap_plus_pathways,CKS1B,inhibit,1.0,differential_expression_effect,0.6875863313758503,2.0,2,E2F Targets;G2-M Checkpoint,0.40940627470332364,0.8877550297301319,0.47834875502680835,-0.47834875502680835,-0.4614320732682708,-2.504693161127372e-07,0,0.0,1.25,0.6104598323545918,-0.29201270080069314,predicted_worsening,0.5
46,rap_plus_pathways,LMNB1,inhibit,1.0,differential_expression_effect,0.6887235532582613,2.0,2,E2F Targets;G2-M Checkpoint,0.40940627470332364,0.8877550297301319,0.47834875502680835,-0.47834875502680835,-0.4614320732682708,-2.504693161127372e-07,0,0.0,1.25,0.6110284432957973,-0.2922846951365134,predicted_worsening,0.5
47,rap_plus_pathways,E2F1,inhibit,1.0,transition_model_effect,0.6874416343554115,3.0,1,G2-M Checkpoint,0.40940627470332364,0.9746746901761878,0.5652684154728642,-0.5652684154728642,-0.5635959312422483,-3.869513383823465e-06,0,0.0,1.25,0.5437208171777057,-0.3073482047856526,predicted_worsening,0.5
48,rap_plus_pathways,MKI67,inhibit,1.0,differential_expression_effect,0.6708860019200854,4.0,2,E2F Targets;G2-M Checkpoint,0.40940627470332364,0.8877550297301319,0.47834875502680835,-0.47834875502680835,-0.4614320732682708,-2.504693161127372e-07,0,0.0,1.25,0.668776334293376,-0.31990832690062904,predicted_worsening,0.5
49,rap_plus_pathways,CENPF,inhibit,1.0,differential_expression_effect,0.6703024014578206,4.0,1,G2-M Checkpoint,0.40940627470332364,0.9746746901761878,0.5652684154728642,-0.5652684154728642,-0.5635959312422483,-3.869513383823465e-06,0,0.0,1.25,0.5684845340622436,-0.32134635179019394,predicted_worsening,0.5
50,rap_plus_pathways,TOP2A,inhibit,1.0,differential_expression_effect,0.7809166065664604,4.0,2,E2F Targets;G2-M Checkpoint,0.40940627470332364,0.8877550297301319,0.47834875502680835,-0.47834875502680835,-0.4614320732682708,-2.504693161127372e-07,0,0.0,1.25,0.7237916366165635,-0.34622482827434925,predicted_worsening,0.5
1,rap_plus_pathways,HMGB2,inhibit,1.0,differential_expression_effect,0.7573902312818401,3.0,1,E2F Targets,0.40940627470332364,0.047779429673351,-0.3616268450299726,0.3616268450299726,0.38935871282428014,0.740979350559366,79508,1.0,1.5,0.57869511564092,0.20927168890348105,predicted_suppression,0.1
2,rap_plus_pathways,RRM2,inhibit,1.0,differential_expression_effect,0.6884224623231245,2.0,1,E2F Targets,0.40940627470332364,0.047779429673351,-0.3616268450299726,0.3616268450299726,0.38935871282428014,0.740979350559366,79508,1.0,1.5,0.5108778978282289,0.18474716238716712,predicted_suppression,0.1
3,rap_plus_pathways,GINS1,inhibit,1.0,differential_expression_effect,0.6352045905748,2.0,1,E2F Targets,0.40940627470332364,0.047779429673351,-0.3616268450299726,0.3616268450299726,0.38935871282428014,0.740979350559366,79508,1.0,1.5,0.48426896195406666,0.17512465685738896,predicted_suppression,0.1
4,rap_plus_pathways,MELK,inhibit,1.0,differential_expression_effect,0.5980906638233262,2.0,1,E2F Targets,0.40940627470332364,0.047779429673351,-0.3616268450299726,0.3616268450299726,0.38935871282428014,0.740979350559366,79508,1.0,1.5,0.46571199857832973,0.16841396073848447,predicted_suppression,0.1
5,rap_plus_pathways,KRT80,activate,-1.0,differential_expression_effect,0.6995790414627282,2.0,1,Keratinization R-HSA-6805567,0.40940627470332364,0.2849308757296622,-0.12447539897366143,0.12447539897366143,0.1343369823157525,0.24244250693111197,79508,1.0,1.5,0.5164561873980308,0.06428608997878593,predicted_suppression,0.1
6,rap_plus_pathways,IVL,activate,-1.0,differential_expression_effect,0.6192567491510668,2.0,1,Keratinization R-HSA-6805567,0.40940627470332364,0.2849308757296622,-0.12447539897366143,0.12447539897366143,0.1343369823157525,0.24244250693111197,79508,1.0,1.5,0.4762950412422,0.05928701528779937,predicted_suppression,0.1
7,rap_plus_pathways,CLU,activate,-1.0,differential_expression_effect,0.7603539739481504,2.0,0,,0.40940627470332364,0.3424944404773294,-0.0669118342259942,0.0669118342259942,0.06966765185483766,0.1319160909044288,79508,1.0,1.5,0.44684365364074186,0.029899128477346888,predicted_suppression,0.1
8,rap_plus_pathways,BCAS1,activate,-1.0,differential_expression_effect,0.6837812817613224,3.0,0,,0.40940627470332364,0.3424944404773294,-0.0669118342259942,0.0669118342259942,0.06966765185483766,0.1319160909044288,79508,1.0,1.5,0.4418906408806612,0.02956771330862514,predicted_suppression,0.1
9,rap_plus_pathways,MYO1B,activate,-1.0,differential_expression_effect,0.7054155897786791,2.0,0,,0.40940627470332364,0.3424944404773294,-0.0669118342259942,0.0669118342259942,0.06966765185483766,0.1319160909044288,79508,1.0,1.5,0.4193744615560062,0.028061114450251064,predicted_suppression,0.1
10,rap_plus_pathways,H4C3,inhibit,1.0,differential_expression_effect,0.705187779578552,2.0,0,,0.40940627470332364,0.3424944404773294,-0.0669118342259942,0.0669118342259942,0.06966765185483766,0.1319160909044288,79508,1.0,1.5,0.4192605564559427,0.028053492851078117,predicted_suppression,0.1
11,rap_plus_pathways,PHGDH,inhibit,1.0,differential_expression_effect,0.7003715177248218,2.0,0,,0.40940627470332364,0.3424944404773294,-0.0669118342259942,0.0669118342259942,0.06966765185483766,0.1319160909044288,79508,1.0,1.5,0.41685242552907753,0.02789236039370523,predicted_suppression,0.1
12,rap_plus_pathways,SDC2,activate,-1.0,differential_expression_effect,0.6971779366564773,2.0,0,,0.40940627470332364,0.3424944404773294,-0.0669118342259942,0.0669118342259942,0.06966765185483766,0.1319160909044288,79508,1.0,1.5,0.4152556349949053,0.02778551621018906,predicted_suppression,0.1
13,rap_plus_pathways,DHTKD1,inhibit,1.0,differential_expression_effect,0.6908306961041671,2.0,0,,0.40940627470332364,0.3424944404773294,-0.0669118342259942,0.0669118342259942,0.06966765185483766,0.1319160909044288,79508,1.0,1.5,0.4120820147187502,0.027573163456374717,predicted_suppression,0.1
14,rap_plus_pathways,NUDT3,inhibit,1.0,differential_expression_effect,0.6882075072090454,2.0,0,,0.40940627470332364,0.3424944404773294,-0.0669118342259942,0.0669118342259942,0.06966765185483766,0.1319160909044288,79508,1.0,1.5,0.4107704202711894,0.02748540226612779,predicted_suppression,0.1
15,rap_plus_pathways,ZWINT,inhibit,1.0,differential_expression_effect,0.6869889853380513,2.0,0,,0.40940627470332364,0.3424944404773294,-0.0669118342259942,0.0669118342259942,0.06966765185483766,0.1319160909044288,79508,1.0,1.5,0.4101611593356923,0.027444635499411438,predicted_suppression,0.1
16,rap_plus_pathways,YBX2,inhibit,1.0,differential_expression_effect,0.6835576591719393,2.0,0,,0.40940627470332364,0.3424944404773294,-0.0669118342259942,0.0669118342259942,0.06966765185483766,0.1319160909044288,79508,1.0,1.5,0.4084454962526363,0.027329837335610337,predicted_suppression,0.1
17,rap_plus_pathways,ARHGAP11A,inhibit,1.0,differential_expression_effect,0.6796115438135014,2.0,0,,0.40940627470332364,0.3424944404773294,-0.0669118342259942,0.0669118342259942,0.06966765185483766,0.1319160909044288,79508,1.0,1.5,0.40647243857341736,0.027197816427260112,predicted_suppression,0.1
18,rap_plus_pathways,NUF2,inhibit,1.0,differential_expression_effect,0.6675860052084984,2.0,0,,0.40940627470332364,0.3424944404773294,-0.0669118342259942,0.0669118342259942,0.06966765185483766,0.1319160909044288,79508,1.0,1.5,0.40045966927091586,0.026795491004451985,predicted_suppression,0.1
19,rap_plus_pathways,FBXO17,inhibit,1.0,differential_expression_effect,0.6531246883732527,2.0,0,,0.40940627470332364,0.3424944404773294,-0.0669118342259942,0.0669118342259942,0.06966765185483766,0.1319160909044288,79508,1.0,1.5,0.393229010853293,0.026311674387067215,predicted_suppression,0.1
20,rap_plus_pathways,NCF2,activate,-1.0,differential_expression_effect,0.6524182021795357,2.0,0,,0.40940627470332364,0.3424944404773294,-0.0669118342259942,0.0669118342259942,0.06966765185483766,0.1319160909044288,79508,1.0,1.5,0.3928757677564345,0.026288038243528742,predicted_suppression,0.1
21,rap_plus_pathways,KIF14,inhibit,1.0,differential_expression_effect,0.6503130591297537,2.0,0,,0.40940627470332364,0.3424944404773294,-0.0669118342259942,0.0669118342259942,0.06966765185483766,0.1319160909044288,79508,1.0,1.5,0.3918231962315435,0.026217608752144232,predicted_suppression,0.1
22,rap_plus_pathways,ENC1,activate,-1.0,differential_expression_effect,0.6496829350893555,2.0,0,,0.40940627470332364,0.3424944404773294,-0.0669118342259942,0.0669118342259942,0.06966765185483766,0.1319160909044288,79508,1.0,1.5,0.3915081342113444,0.026196527374477765,predicted_suppression,0.1
23,rap_plus_pathways,H4C8,activate,-1.0,differential_expression_effect,0.6461169056612761,2.0,0,,0.40940627470332364,0.3424944404773294,-0.0669118342259942,0.0669118342259942,0.06966765185483766,0.1319160909044288,79508,1.0,1.5,0.3897251194973047,0.02607722258950943,predicted_suppression,0.1
24,rap_plus_pathways,NCAPH,inhibit,1.0,differential_expression_effect,0.6304158464734002,2.0,0,,0.40940627470332364,0.3424944404773294,-0.0669118342259942,0.0669118342259942,0.06966765185483766,0.1319160909044288,79508,1.0,1.5,0.38187458990336676,0.025551929254733593,predicted_suppression,0.1
25,rap_plus_pathways,RND1,activate,-1.0,differential_expression_effect,0.625772321910648,2.0,0,,0.40940627470332364,0.3424944404773294,-0.0669118342259942,0.0669118342259942,0.06966765185483766,0.1319160909044288,79508,1.0,1.5,0.37955282762199066,0.02539657588184999,predicted_suppression,0.1
26,rap_plus_pathways,KIF20A,inhibit,1.0,differential_expression_effect,0.6085210341331331,2.0,0,,0.40940627470332364,0.3424944404773294,-0.0669118342259942,0.0669118342259942,0.06966765185483766,0.1319160909044288,79508,1.0,1.5,0.3709271837332332,0.02481941822787299,predicted_suppression,0.1
27,rap_plus_pathways,SYTL2,activate,-1.0,differential_expression_effect,0.607813155021956,2.0,0,,0.40940627470332364,0.3424944404773294,-0.0669118342259942,0.0669118342259942,0.06966765185483766,0.1319160909044288,79508,1.0,1.5,0.37057324417764465,0.024795735483003428,predicted_suppression,0.1
28,rap_plus_pathways,GPRC5A,activate,-1.0,differential_expression_effect,0.6065401780514027,2.0,0,,0.40940627470332364,0.3424944404773294,-0.0669118342259942,0.0669118342259942,0.06966765185483766,0.1319160909044288,79508,1.0,1.5,0.369936755692368,0.024753146870989843,predicted_suppression,0.1
29,rap_plus_pathways,ANXA1,activate,-1.0,differential_expression_effect,0.6065387251303759,2.0,0,,0.40940627470332364,0.3424944404773294,-0.0669118342259942,0.0669118342259942,0.06966765185483766,0.1319160909044288,79508,1.0,1.5,0.3699360292318546,0.024753098262184397,predicted_suppression,0.1
30,rap_plus_pathways,GAS2L3,inhibit,1.0,differential_expression_effect,0.6053413605080713,2.0,0,,0.40940627470332364,0.3424944404773294,-0.0669118342259942,0.0669118342259942,0.06966765185483766,0.1319160909044288,79508,1.0,1.5,0.3693373469207023,0.024713039330626543,predicted_suppression,0.1
31,rap_plus_pathways,MACC1,activate,-1.0,differential_expression_effect,0.5963635313460357,2.0,0,,0.40940627470332364,0.3424944404773294,-0.0669118342259942,0.0669118342259942,0.06966765185483766,0.1319160909044288,79508,1.0,1.5,0.3648484323396845,0.02441267782232683,predicted_suppression,0.1
32,rap_plus_pathways,IFI6,activate,-1.0,differential_expression_effect,0.8147518270098308,3.0,1,Interferon Alpha/Beta Signaling R-HSA-909733,0.40940627470332364,0.5991019590955767,0.18969568439225318,-0.18969568439225318,-0.17983952738087217,-5.106552538529582e-09,0,0.0,1.5,0.6073759135049154,-0.1152165895956849,predicted_worsening,0.1
33,rap_plus_pathways,ISG15,activate,-1.0,differential_expression_effect,0.6665757308663266,2.0,3,Interferon Alpha Response;Interferon Alpha/Beta Signaling R-HSA-909733;Interferon Gamma Response,0.40940627470332364,0.7297235245698916,0.3203172498665681,-0.3203172498665681,-0.3014133996983821,-2.4823175502178937e-08,0,0.0,1.5,0.6999545320998299,-0.224207510753858,predicted_worsening,0.1
34,rap_plus_pathways,IFI27,activate,-1.0,differential_expression_effect,0.6117934528541784,3.0,3,Interferon Alpha Response;Interferon Alpha/Beta Signaling R-HSA-909733;Interferon Gamma Response,0.40940627470332364,0.7297235245698916,0.3203172498665681,-0.3203172498665681,-0.3014133996983821,-2.4823175502178937e-08,0,0.0,1.5,0.7058967264270891,-0.2261108980989384,predicted_worsening,0.1
35,rap_plus_pathways,UBE2C,inhibit,1.0,differential_expression_effect,0.6201602651399948,2.0,1,G2-M Checkpoint,0.40940627470332364,0.997246146971658,0.5878398722683342,-0.5878398722683342,-0.5875834751830622,-0.0001635598855135892,0,0.0,1.5,0.476746799236664,-0.28025077756761774,predicted_worsening,0.1
36,rap_plus_pathways,KNL1,inhibit,1.0,differential_expression_effect,0.6242033036182136,2.0,1,G2-M Checkpoint,0.40940627470332364,0.997246146971658,0.5878398722683342,-0.5878398722683342,-0.5875834751830622,-0.0001635598855135892,0,0.0,1.5,0.47876831847577345,-0.28143910717892384,predicted_worsening,0.1
37,rap_plus_pathways,PBK,inhibit,1.0,differential_expression_effect,0.6421132486951168,2.0,1,G2-M Checkpoint,0.40940627470332364,0.997246146971658,0.5878398722683342,-0.5878398722683342,-0.5875834751830622,-0.0001635598855135892,0,0.0,1.5,0.487723291014225,-0.28670319709209363,predicted_worsening,0.1
38,rap_plus_pathways,CCNA2,inhibit,1.0,differential_expression_effect,0.6722182796119277,2.0,1,G2-M Checkpoint,0.40940627470332364,0.997246146971658,0.5878398722683342,-0.5878398722683342,-0.5875834751830622,-0.0001635598855135892,0,0.0,1.5,0.5027758064726305,-0.29555166585647985,predicted_worsening,0.1
39,rap_plus_pathways,KIF11,inhibit,1.0,differential_expression_effect,0.6880991043016356,2.0,1,G2-M Checkpoint,0.40940627470332364,0.997246146971658,0.5878398722683342,-0.5878398722683342,-0.5875834751830622,-0.0001635598855135892,0,0.0,1.5,0.5107162188174844,-0.3002193568350367,predicted_worsening,0.1
40,rap_plus_pathways,PRC1,inhibit,1.0,differential_expression_effect,0.6915602903572053,2.0,1,G2-M Checkpoint,0.40940627470332364,0.997246146971658,0.5878398722683342,-0.5878398722683342,-0.5875834751830622,-0.0001635598855135892,0,0.0,1.5,0.5124468118452693,-0.3012366684194382,predicted_worsening,0.1
41,rap_plus_pathways,E2F1,inhibit,1.0,transition_model_effect,0.6874416343554115,3.0,1,G2-M Checkpoint,0.40940627470332364,0.997246146971658,0.5878398722683342,-0.5878398722683342,-0.5875834751830622,-0.0001635598855135892,0,0.0,1.5,0.5437208171777057,-0.3196207757193768,predicted_worsening,0.1
42,rap_plus_pathways,AURKB,inhibit,1.0,differential_expression_effect,0.6030594551555394,2.0,2,E2F Targets;G2-M Checkpoint,0.40940627470332364,0.9808759864493831,0.5714697117460594,-0.5714697117460594,-0.5706029019695851,-6.155344122031277e-06,0,0.0,1.5,0.5681963942444364,-0.3247070296340184,predicted_worsening,0.1
43,rap_plus_pathways,CENPF,inhibit,1.0,differential_expression_effect,0.6703024014578206,4.0,1,G2-M Checkpoint,0.40940627470332364,0.997246146971658,0.5878398722683342,-0.5878398722683342,-0.5875834751830622,-0.0001635598855135892,0,0.0,1.5,0.5684845340622436,-0.3341778758896728,predicted_worsening,0.1
44,rap_plus_pathways,CDC20,inhibit,1.0,differential_expression_effect,0.6363605104807625,2.0,2,E2F Targets;G2-M Checkpoint,0.40940627470332364,0.9808759864493831,0.5714697117460594,-0.5714697117460594,-0.5706029019695851,-6.155344122031277e-06,0,0.0,1.5,0.5848469219070479,-0.3342223018777908,predicted_worsening,0.1
45,rap_plus_pathways,PLK1,inhibit,1.0,differential_expression_effect,0.6453224467779706,2.0,2,E2F Targets;G2-M Checkpoint,0.40940627470332364,0.9808759864493831,0.5714697117460594,-0.5714697117460594,-0.5706029019695851,-6.155344122031277e-06,0,0.0,1.5,0.5893278900556519,-0.3367830394540168,predicted_worsening,0.1
46,rap_plus_pathways,H2AZ1,inhibit,1.0,differential_expression_effect,0.6153880489342868,3.0,2,E2F Targets;G2-M Checkpoint,0.40940627470332364,0.9808759864493831,0.5714697117460594,-0.5714697117460594,-0.5706029019695851,-6.155344122031277e-06,0,0.0,1.5,0.6076940244671434,-0.3472787289920412,predicted_worsening,0.1
47,rap_plus_pathways,CKS1B,inhibit,1.0,differential_expression_effect,0.6875863313758503,2.0,2,E2F Targets;G2-M Checkpoint,0.40940627470332364,0.9808759864493831,0.5714697117460594,-0.5714697117460594,-0.5706029019695851,-6.155344122031277e-06,0,0.0,1.5,0.6104598323545918,-0.3488593044282263,predicted_worsening,0.1
48,rap_plus_pathways,LMNB1,inhibit,1.0,differential_expression_effect,0.6887235532582613,2.0,2,E2F Targets;G2-M Checkpoint,0.40940627470332364,0.9808759864493831,0.5714697117460594,-0.5714697117460594,-0.5706029019695851,-6.155344122031277e-06,0,0.0,1.5,0.6110284432957973,-0.3491842483588927,predicted_worsening,0.1
49,rap_plus_pathways,MKI67,inhibit,1.0,differential_expression_effect,0.6708860019200854,4.0,2,E2F Targets;G2-M Checkpoint,0.40940627470332364,0.9808759864493831,0.5714697117460594,-0.5714697117460594,-0.5706029019695851,-6.155344122031277e-06,0,0.0,1.5,0.668776334293376,-0.3821854189812219,predicted_worsening,0.1
50,rap_plus_pathways,TOP2A,inhibit,1.0,differential_expression_effect,0.7809166065664604,4.0,2,E2F Targets;G2-M Checkpoint,0.40940627470332364,0.9808759864493831,0.5714697117460594,-0.5714697117460594,-0.5706029019695851,-6.155344122031277e-06,0,0.0,1.5,0.7237916366165635,-0.41362499794147617,predicted_worsening,0.1
1,rap_plus_pathways,HMGB2,inhibit,1.0,differential_expression_effect,0.7573902312818401,3.0,1,E2F Targets,0.40940627470332364,0.024332504030137918,-0.3850737706731857,0.3850737706731857,0.40153628546183806,0.8183104262046942,79508,1.0,1.5,0.57869511564092,0.2228403102500043,predicted_suppression,0.25
2,rap_plus_pathways,RRM2,inhibit,1.0,differential_expression_effect,0.6884224623231245,2.0,1,E2F Targets,0.40940627470332364,0.024332504030137918,-0.3850737706731857,0.3850737706731857,0.40153628546183806,0.8183104262046942,79508,1.0,1.5,0.5108778978282289,0.19672567847030661,predicted_suppression,0.25
3,rap_plus_pathways,GINS1,inhibit,1.0,differential_expression_effect,0.6352045905748,2.0,1,E2F Targets,0.40940627470332364,0.024332504030137918,-0.3850737706731857,0.3850737706731857,0.40153628546183806,0.8183104262046942,79508,1.0,1.5,0.48426896195406666,0.18647927519964197,predicted_suppression,0.25
4,rap_plus_pathways,MELK,inhibit,1.0,differential_expression_effect,0.5980906638233262,2.0,1,E2F Targets,0.40940627470332364,0.024332504030137918,-0.3850737706731857,0.3850737706731857,0.40153628546183806,0.8183104262046942,79508,1.0,1.5,0.46571199857832973,0.17933347534030272,predicted_suppression,0.25
5,rap_plus_pathways,KRT80,activate,-1.0,differential_expression_effect,0.6995790414627282,2.0,1,Keratinization R-HSA-6805567,0.40940627470332364,0.19270814966833036,-0.21669812503499328,0.21669812503499328,0.24565723546688562,0.41893662296199635,79508,1.0,1.5,0.5164561873980308,0.1119150874718744,predicted_suppression,0.25
6,rap_plus_pathways,IVL,activate,-1.0,differential_expression_effect,0.6192567491510668,2.0,1,Keratinization R-HSA-6805567,0.40940627470332364,0.19270814966833036,-0.21669812503499328,0.21669812503499328,0.24565723546688562,0.41893662296199635,79508,1.0,1.5,0.4762950412422,0.10321224240064954,predicted_suppression,0.25
7,rap_plus_pathways,CLU,activate,-1.0,differential_expression_effect,0.7603539739481504,2.0,0,,0.40940627470332364,0.24416913764489878,-0.16523713705842483,0.16523713705842483,0.182880140104619,0.3200685131727902,79508,1.0,1.5,0.44684365364074186,0.07383516604032257,predicted_suppression,0.25
8,rap_plus_pathways,BCAS1,activate,-1.0,differential_expression_effect,0.6837812817613224,3.0,0,,0.40940627470332364,0.24416913764489878,-0.16523713705842483,0.16523713705842483,0.182880140104619,0.3200685131727902,79508,1.0,1.5,0.4418906408806612,0.073016744392033,predicted_suppression,0.25
9,rap_plus_pathways,MYO1B,activate,-1.0,differential_expression_effect,0.7054155897786791,2.0,0,,0.40940627470332364,0.24416913764489878,-0.16523713705842483,0.16523713705842483,0.182880140104619,0.3200685131727902,79508,1.0,1.5,0.4193744615560062,0.06929623538293292,predicted_suppression,0.25
10,rap_plus_pathways,H4C3,inhibit,1.0,differential_expression_effect,0.705187779578552,2.0,0,,0.40940627470332364,0.24416913764489878,-0.16523713705842483,0.16523713705842483,0.182880140104619,0.3200685131727902,79508,1.0,1.5,0.4192605564559427,0.06927741403030206,predicted_suppression,0.25
11,rap_plus_pathways,PHGDH,inhibit,1.0,differential_expression_effect,0.7003715177248218,2.0,0,,0.40940627470332364,0.24416913764489878,-0.16523713705842483,0.16523713705842483,0.182880140104619,0.3200685131727902,79508,1.0,1.5,0.41685242552907753,0.068879501370285,predicted_suppression,0.25
12,rap_plus_pathways,SDC2,activate,-1.0,differential_expression_effect,0.6971779366564773,2.0,0,,0.40940627470332364,0.24416913764489878,-0.16523713705842483,0.16523713705842483,0.182880140104619,0.3200685131727902,79508,1.0,1.5,0.4152556349949053,0.0686156522739364,predicted_suppression,0.25
13,rap_plus_pathways,DHTKD1,inhibit,1.0,differential_expression_effect,0.6908306961041671,2.0,0,,0.40940627470332364,0.24416913764489878,-0.16523713705842483,0.16523713705842483,0.182880140104619,0.3200685131727902,79508,1.0,1.5,0.4120820147187502,0.06809125234539397,predicted_suppression,0.25
14,rap_plus_pathways,NUDT3,inhibit,1.0,differential_expression_effect,0.6882075072090454,2.0,0,,0.40940627470332364,0.24416913764489878,-0.16523713705842483,0.16523713705842483,0.182880140104619,0.3200685131727902,79508,1.0,1.5,0.4107704202711894,0.06787452823389728,predicted_suppression,0.25
15,rap_plus_pathways,ZWINT,inhibit,1.0,differential_expression_effect,0.6869889853380513,2.0,0,,0.40940627470332364,0.24416913764489878,-0.16523713705842483,0.16523713705842483,0.182880140104619,0.3200685131727902,79508,1.0,1.5,0.4101611593356923,0.06777385570119421,predicted_suppression,0.25
16,rap_plus_pathways,YBX2,inhibit,1.0,differential_expression_effect,0.6835576591719393,2.0,0,,0.40940627470332364,0.24416913764489878,-0.16523713705842483,0.16523713705842483,0.182880140104619,0.3200685131727902,79508,1.0,1.5,0.4084454962526363,0.06749036444519321,predicted_suppression,0.25
17,rap_plus_pathways,ARHGAP11A,inhibit,1.0,differential_expression_effect,0.6796115438135014,2.0,0,,0.40940627470332364,0.24416913764489878,-0.16523713705842483,0.16523713705842483,0.182880140104619,0.3200685131727902,79508,1.0,1.5,0.40647243857341736,0.06716434204302793,predicted_suppression,0.25
18,rap_plus_pathways,NUF2,inhibit,1.0,differential_expression_effect,0.6675860052084984,2.0,0,,0.40940627470332364,0.24416913764489878,-0.16523713705842483,0.16523713705842483,0.182880140104619,0.3200685131727902,79508,1.0,1.5,0.40045966927091586,0.0661708092576898,predicted_suppression,0.25
19,rap_plus_pathways,FBXO17,inhibit,1.0,differential_expression_effect,0.6531246883732527,2.0,0,,0.40940627470332364,0.24416913764489878,-0.16523713705842483,0.16523713705842483,0.182880140104619,0.3200685131727902,79508,1.0,1.5,0.393229010853293,0.06497603596171439,predicted_suppression,0.25
20,rap_plus_pathways,NCF2,activate,-1.0,differential_expression_effect,0.6524182021795357,2.0,0,,0.40940627470332364,0.24416913764489878,-0.16523713705842483,0.16523713705842483,0.182880140104619,0.3200685131727902,79508,1.0,1.5,0.3928757677564345,0.06491766708370385,predicted_suppression,0.25
21,rap_plus_pathways,KIF14,inhibit,1.0,differential_expression_effect,0.6503130591297537,2.0,0,,0.40940627470332364,0.24416913764489878,-0.16523713705842483,0.16523713705842483,0.182880140104619,0.3200685131727902,79508,1.0,1.5,0.3918231962315435,0.06474374317838164,predicted_suppression,0.25
22,rap_plus_pathways,ENC1,activate,-1.0,differential_expression_effect,0.6496829350893555,2.0,0,,0.40940627470332364,0.24416913764489878,-0.16523713705842483,0.16523713705842483,0.182880140104619,0.3200685131727902,79508,1.0,1.5,0.3915081342113444,0.06469168323216809,predicted_suppression,0.25
23,rap_plus_pathways,H4C8,activate,-1.0,differential_expression_effect,0.6461169056612761,2.0,0,,0.40940627470332364,0.24416913764489878,-0.16523713705842483,0.16523713705842483,0.182880140104619,0.3200685131727902,79508,1.0,1.5,0.3897251194973047,0.06439706298548713,predicted_suppression,0.25
24,rap_plus_pathways,NCAPH,inhibit,1.0,differential_expression_effect,0.6304158464734002,2.0,0,,0.40940627470332364,0.24416913764489878,-0.16523713705842483,0.16523713705842483,0.182880140104619,0.3200685131727902,79508,1.0,1.5,0.38187458990336676,0.06309986395099239,predicted_suppression,0.25
25,rap_plus_pathways,RND1,activate,-1.0,differential_expression_effect,0.625772321910648,2.0,0,,0.40940627470332364,0.24416913764489878,-0.16523713705842483,0.16523713705842483,0.182880140104619,0.3200685131727902,79508,1.0,1.5,0.37955282762199066,0.06271622259868756,predicted_suppression,0.25
26,rap_plus_pathways,KIF20A,inhibit,1.0,differential_expression_effect,0.6085210341331331,2.0,0,,0.40940627470332364,0.24416913764489878,-0.16523713705842483,0.16523713705842483,0.182880140104619,0.3200685131727902,79508,1.0,1.5,0.3709271837332332,0.06129094589722378,predicted_suppression,0.25
27,rap_plus_pathways,SYTL2,activate,-1.0,differential_expression_effect,0.607813155021956,2.0,0,,0.40940627470332364,0.24416913764489878,-0.16523713705842483,0.16523713705842483,0.182880140104619,0.3200685131727902,79508,1.0,1.5,0.37057324417764465,0.061232461938366595,predicted_suppression,0.25
28,rap_plus_pathways,GPRC5A,activate,-1.0,differential_expression_effect,0.6065401780514027,2.0,0,,0.40940627470332364,0.24416913764489878,-0.16523713705842483,0.16523713705842483,0.182880140104619,0.3200685131727902,79508,1.0,1.5,0.369936755692368,0.061127290403288834,predicted_suppression,0.25
29,rap_plus_pathways,ANXA1,activate,-1.0,differential_expression_effect,0.6065387251303759,2.0,0,,0.40940627470332364,0.24416913764489878,-0.16523713705842483,0.16523713705842483,0.182880140104619,0.3200685131727902,79508,1.0,1.5,0.3699360292318546,0.06112717036503341,predicted_suppression,0.25
30,rap_plus_pathways,GAS2L3,inhibit,1.0,differential_expression_effect,0.6053413605080713,2.0,0,,0.40940627470332364,0.24416913764489878,-0.16523713705842483,0.16523713705842483,0.182880140104619,0.3200685131727902,79508,1.0,1.5,0.3693373469207023,0.061028245813931084,predicted_suppression,0.25
31,rap_plus_pathways,MACC1,activate,-1.0,differential_expression_effect,0.5963635313460357,2.0,0,,0.40940627470332364,0.24416913764489878,-0.16523713705842483,0.16523713705842483,0.182880140104619,0.3200685131727902,79508,1.0,1.5,0.3648484323396845,0.06028651042006389,predicted_suppression,0.25
32,rap_plus_pathways,IFI6,activate,-1.0,differential_expression_effect,0.8147518270098308,3.0,1,Interferon Alpha/Beta Signaling R-HSA-909733,0.40940627470332364,0.5145570240061776,0.10515074930285401,-0.10515074930285401,-0.10134751414523452,-1.6613079323847077e-09,0,0.0,1.5,0.6073759135049154,-0.0638660324135473,predicted_worsening,0.25
33,rap_plus_pathways,ISG15,activate,-1.0,differential_expression_effect,0.6665757308663266,2.0,3,Interferon Alpha Response;Interferon Alpha/Beta Signaling R-HSA-909733;Interferon Gamma Response,0.40940627470332364,0.6593131970980641,0.24990692239474055,-0.24990692239474055,-0.23553372006663809,-1.0554853950237756e-08,0,0.0,1.5,0.6999545320998299,-0.17492348293331914,predicted_worsening,0.25
34,rap_plus_pathways,IFI27,activate,-1.0,differential_expression_effect,0.6117934528541784,3.0,3,Interferon Alpha Response;Interferon Alpha/Beta Signaling R-HSA-909733;Interferon Gamma Response,0.40940627470332364,0.6593131970980641,0.24990692239474055,-0.24990692239474055,-0.23553372006663809,-1.0554853950237756e-08,0,0.0,1.5,0.7058967264270891,-0.17640847842991597,predicted_worsening,0.25
35,rap_plus_pathways,UBE2C,inhibit,1.0,differential_expression_effect,0.6201602651399948,2.0,1,G2-M Checkpoint,0.40940627470332364,0.9956970131926105,0.5862907384892868,-0.5862907384892868,-0.5858405957004057,-7.378268074113286e-05,0,0.0,1.5,0.476746799236664,-0.2795122329968675,predicted_worsening,0.25
36,rap_plus_pathways,KNL1,inhibit,1.0,differential_expression_effect,0.6242033036182136,2.0,1,G2-M Checkpoint,0.40940627470332364,0.9956970131926105,0.5862907384892868,-0.5862907384892868,-0.5858405957004057,-7.378268074113286e-05,0,0.0,1.5,0.47876831847577345,-0.2806974310044353,predicted_worsening,0.25
37,rap_plus_pathways,PBK,inhibit,1.0,differential_expression_effect,0.6421132486951168,2.0,1,G2-M Checkpoint,0.40940627470332364,0.9956970131926105,0.5862907384892868,-0.5862907384892868,-0.5858405957004057,-7.378268074113286e-05,0,0.0,1.5,0.487723291014225,-0.2859476484671553,predicted_worsening,0.25
38,rap_plus_pathways,CCNA2,inhibit,1.0,differential_expression_effect,0.6722182796119277,2.0,1,G2-M Checkpoint,0.40940627470332364,0.9956970131926105,0.5862907384892868,-0.5862907384892868,-0.5858405957004057,-7.378268074113286e-05,0,0.0,1.5,0.5027758064726305,-0.2947727988713853,predicted_worsening,0.25
39,rap_plus_pathways,KIF11,inhibit,1.0,differential_expression_effect,0.6880991043016356,2.0,1,G2-M Checkpoint,0.40940627470332364,0.9956970131926105,0.5862907384892868,-0.5862907384892868,-0.5858405957004057,-7.378268074113286e-05,0,0.0,1.5,0.5107162188174844,-0.29942818908895913,predicted_worsening,0.25
40,rap_plus_pathways,PRC1,inhibit,1.0,differential_expression_effect,0.6915602903572053,2.0,1,G2-M Checkpoint,0.40940627470332364,0.9956970131926105,0.5862907384892868,-0.5862907384892868,-0.5858405957004057,-7.378268074113286e-05,0,0.0,1.5,0.5124468118452693,-0.30044281975324355,predicted_worsening,0.25
41,rap_plus_pathways,AURKB,inhibit,1.0,differential_expression_effect,0.6030594551555394,2.0,2,E2F Targets;G2-M Checkpoint,0.40940627470332364,0.9691220961661795,0.5597158214628557,-0.5597158214628557,-0.5573451740029653,-2.7758486023914564e-06,0,0.0,1.5,0.5681963942444364,-0.3180285115567573,predicted_worsening,0.25
42,rap_plus_pathways,E2F1,inhibit,1.0,transition_model_effect,0.6874416343554115,3.0,1,G2-M Checkpoint,0.40940627470332364,0.9956970131926105,0.5862907384892868,-0.5862907384892868,-0.5858405957004057,-7.378268074113286e-05,0,0.0,1.5,0.5437208171777057,-0.31877847943511556,predicted_worsening,0.25
43,rap_plus_pathways,CDC20,inhibit,1.0,differential_expression_effect,0.6363605104807625,2.0,2,E2F Targets;G2-M Checkpoint,0.40940627470332364,0.9691220961661795,0.5597158214628557,-0.5597158214628557,-0.5573451740029653,-2.7758486023914564e-06,0,0.0,1.5,0.5848469219070479,-0.3273480753252259,predicted_worsening,0.25
44,rap_plus_pathways,PLK1,inhibit,1.0,differential_expression_effect,0.6453224467779706,2.0,2,E2F Targets;G2-M Checkpoint,0.40940627470332364,0.9691220961661795,0.5597158214628557,-0.5597158214628557,-0.5573451740029653,-2.7758486023914564e-06,0,0.0,1.5,0.5893278900556519,-0.3298561440934707,predicted_worsening,0.25
45,rap_plus_pathways,CENPF,inhibit,1.0,differential_expression_effect,0.6703024014578206,4.0,1,G2-M Checkpoint,0.40940627470332364,0.9956970131926105,0.5862907384892868,-0.5862907384892868,-0.5858405957004057,-7.378268074113286e-05,0,0.0,1.5,0.5684845340622436,-0.33329721729509093,predicted_worsening,0.25
46,rap_plus_pathways,H2AZ1,inhibit,1.0,differential_expression_effect,0.6153880489342868,3.0,2,E2F Targets;G2-M Checkpoint,0.40940627470332364,0.9691220961661795,0.5597158214628557,-0.5597158214628557,-0.5573451740029653,-2.7758486023914564e-06,0,0.0,1.5,0.6076940244671434,-0.34013596010269587,predicted_worsening,0.25
47,rap_plus_pathways,CKS1B,inhibit,1.0,differential_expression_effect,0.6875863313758503,2.0,2,E2F Targets;G2-M Checkpoint,0.40940627470332364,0.9691220961661795,0.5597158214628557,-0.5597158214628557,-0.5573451740029653,-2.7758486023914564e-06,0,0.0,1.5,0.6104598323545918,-0.3416840265364275,predicted_worsening,0.25
48,rap_plus_pathways,LMNB1,inhibit,1.0,differential_expression_effect,0.6887235532582613,2.0,2,E2F Targets;G2-M Checkpoint,0.40940627470332364,0.9691220961661795,0.5597158214628557,-0.5597158214628557,-0.5573451740029653,-2.7758486023914564e-06,0,0.0,1.5,0.6110284432957973,-0.3420022870764771,predicted_worsening,0.25
49,rap_plus_pathways,MKI67,inhibit,1.0,differential_expression_effect,0.6708860019200854,4.0,2,E2F Targets;G2-M Checkpoint,0.40940627470332364,0.9691220961661795,0.5597158214628557,-0.5597158214628557,-0.5573451740029653,-2.7758486023914564e-06,0,0.0,1.5,0.668776334293376,-0.37432469532393436,predicted_worsening,0.25
50,rap_plus_pathways,TOP2A,inhibit,1.0,differential_expression_effect,0.7809166065664604,4.0,2,E2F Targets;G2-M Checkpoint,0.40940627470332364,0.9691220961661795,0.5597158214628557,-0.5597158214628557,-0.5573451740029653,-2.7758486023914564e-06,0,0.0,1.5,0.7237916366165635,-0.4051176304567846,predicted_worsening,0.25
1,rap_plus_pathways,HMGB2,inhibit,1.0,differential_expression_effect,0.7573902312818401,3.0,1,E2F Targets,0.40940627470332364,0.007173195538660732,-0.40223307916466283,0.40223307916466283,0.4075223935331608,0.9021040063585862,79508,1.0,1.5,0.57869511564092,0.2327703182617979,predicted_suppression,0.5
2,rap_plus_pathways,RRM2,inhibit,1.0,differential_expression_effect,0.6884224623231245,2.0,1,E2F Targets,0.40940627470332364,0.007173195538660732,-0.40223307916466283,0.40223307916466283,0.4075223935331608,0.9021040063585862,79508,1.0,1.5,0.5108778978282289,0.2054919899206185,predicted_suppression,0.5
3,rap_plus_pathways,GINS1,inhibit,1.0,differential_expression_effect,0.6352045905748,2.0,1,E2F Targets,0.40940627470332364,0.007173195538660732,-0.40223307916466283,0.40223307916466283,0.4075223935331608,0.9021040063585862,79508,1.0,1.5,0.48426896195406666,0.1947889957106592,predicted_suppression,0.5
4,rap_plus_pathways,MELK,inhibit,1.0,differential_expression_effect,0.5980906638233262,2.0,1,E2F Targets,0.40940627470332364,0.007173195538660732,-0.40223307916466283,0.40223307916466283,0.4075223935331608,0.9021040063585862,79508,1.0,1.5,0.46571199857832973,0.18732477119209065,predicted_suppression,0.5
5,rap_plus_pathways,KRT80,activate,-1.0,differential_expression_effect,0.6995790414627282,2.0,1,Keratinization R-HSA-6805567,0.40940627470332364,0.08197608418804335,-0.3274301905152803,0.3274301905152803,0.3646761569470082,0.6516292045553012,79508,1.0,1.5,0.5164561873980308,0.1691033478325325,predicted_suppression,0.5
6,rap_plus_pathways,IVL,activate,-1.0,differential_expression_effect,0.6192567491510668,2.0,1,Keratinization R-HSA-6805567,0.40940627470332364,0.08197608418804335,-0.3274301905152803,0.3274301905152803,0.3646761569470082,0.6516292045553012,79508,1.0,1.5,0.4762950412422,0.15595337609541682,predicted_suppression,0.5
7,rap_plus_pathways,CLU,activate,-1.0,differential_expression_effect,0.7603539739481504,2.0,0,,0.40940627470332364,0.11321054808698847,-0.29619572661633514,0.29619572661633514,0.3355954909626704,0.5806527240119079,79508,1.0,1.5,0.44684365364074186,0.13235318067401752,predicted_suppression,0.5
8,rap_plus_pathways,BCAS1,activate,-1.0,differential_expression_effect,0.6837812817613224,3.0,0,,0.40940627470332364,0.11321054808698847,-0.29619572661633514,0.29619572661633514,0.3355954909626704,0.5806527240119079,79508,1.0,1.5,0.4418906408806612,0.13088611946060547,predicted_suppression,0.5
9,rap_plus_pathways,MYO1B,activate,-1.0,differential_expression_effect,0.7054155897786791,2.0,0,,0.40940627470332364,0.11321054808698847,-0.29619572661633514,0.29619572661633514,0.3355954909626704,0.5806527240119079,79508,1.0,1.5,0.4193744615560062,0.12421692336491556,predicted_suppression,0.5
10,rap_plus_pathways,H4C3,inhibit,1.0,differential_expression_effect,0.705187779578552,2.0,0,,0.40940627470332364,0.11321054808698847,-0.29619572661633514,0.29619572661633514,0.3355954909626704,0.5806527240119079,79508,1.0,1.5,0.4192605564559427,0.12418318516103695,predicted_suppression,0.5
11,rap_plus_pathways,PHGDH,inhibit,1.0,differential_expression_effect,0.7003715177248218,2.0,0,,0.40940627470332364,0.11321054808698847,-0.29619572661633514,0.29619572661633514,0.3355954909626704,0.5806527240119079,79508,1.0,1.5,0.41685242552907753,0.12346990707136685,predicted_suppression,0.5
12,rap_plus_pathways,SDC2,activate,-1.0,differential_expression_effect,0.6971779366564773,2.0,0,,0.40940627470332364,0.11321054808698847,-0.29619572661633514,0.29619572661633514,0.3355954909626704,0.5806527240119079,79508,1.0,1.5,0.4152556349949053,0.12299694453884362,predicted_suppression,0.5
13,rap_plus_pathways,DHTKD1,inhibit,1.0,differential_expression_effect,0.6908306961041671,2.0,0,,0.40940627470332364,0.11321054808698847,-0.29619572661633514,0.29619572661633514,0.3355954909626704,0.5806527240119079,79508,1.0,1.5,0.4120820147187502,0.12205693177514354,predicted_suppression,0.5
14,rap_plus_pathways,NUDT3,inhibit,1.0,differential_expression_effect,0.6882075072090454,2.0,0,,0.40940627470332364,0.11321054808698847,-0.29619572661633514,0.29619572661633514,0.3355954909626704,0.5806527240119079,79508,1.0,1.5,0.4107704202711894,0.1216684431047223,predicted_suppression,0.5
15,rap_plus_pathways,ZWINT,inhibit,1.0,differential_expression_effect,0.6869889853380513,2.0,0,,0.40940627470332364,0.11321054808698847,-0.29619572661633514,0.29619572661633514,0.3355954909626704,0.5806527240119079,79508,1.0,1.5,0.4101611593356923,0.1214879826192338,predicted_suppression,0.5
16,rap_plus_pathways,YBX2,inhibit,1.0,differential_expression_effect,0.6835576591719393,2.0,0,,0.40940627470332364,0.11321054808698847,-0.29619572661633514,0.29619572661633514,0.3355954909626704,0.5806527240119079,79508,1.0,1.5,0.4084454962526363,0.12097981054571921,predicted_suppression,0.5
17,rap_plus_pathways,ARHGAP11A,inhibit,1.0,differential_expression_effect,0.6796115438135014,2.0,0,,0.40940627470332364,0.11321054808698847,-0.29619572661633514,0.29619572661633514,0.3355954909626704,0.5806527240119079,79508,1.0,1.5,0.40647243857341736,0.120395399292767,predicted_suppression,0.5
18,rap_plus_pathways,NUF2,inhibit,1.0,differential_expression_effect,0.6675860052084984,2.0,0,,0.40940627470332364,0.11321054808698847,-0.29619572661633514,0.29619572661633514,0.3355954909626704,0.5806527240119079,79508,1.0,1.5,0.40045966927091586,0.11861444272023618,predicted_suppression,0.5
19,rap_plus_pathways,FBXO17,inhibit,1.0,differential_expression_effect,0.6531246883732527,2.0,0,,0.40940627470332364,0.11321054808698847,-0.29619572661633514,0.29619572661633514,0.3355954909626704,0.5806527240119079,79508,1.0,1.5,0.393229010853293,0.11647275259631386,predicted_suppression,0.5
20,rap_plus_pathways,NCF2,activate,-1.0,differential_expression_effect,0.6524182021795357,2.0,0,,0.40940627470332364,0.11321054808698847,-0.29619572661633514,0.29619572661633514,0.3355954909626704,0.5806527240119079,79508,1.0,1.5,0.3928757677564345,0.11636812350056766,predicted_suppression,0.5
21,rap_plus_pathways,KIF14,inhibit,1.0,differential_expression_effect,0.6503130591297537,2.0,0,,0.40940627470332364,0.11321054808698847,-0.29619572661633514,0.29619572661633514,0.3355954909626704,0.5806527240119079,79508,1.0,1.5,0.3918231962315435,0.1160563563129369,predicted_suppression,0.5
22,rap_plus_pathways,ENC1,activate,-1.0,differential_expression_effect,0.6496829350893555,2.0,0,,0.40940627470332364,0.11321054808698847,-0.29619572661633514,0.29619572661633514,0.3355954909626704,0.5806527240119079,79508,1.0,1.5,0.3915081342113444,0.11596303628893481,predicted_suppression,0.5
23,rap_plus_pathways,H4C8,activate,-1.0,differential_expression_effect,0.6461169056612761,2.0,0,,0.40940627470332364,0.11321054808698847,-0.29619572661633514,0.29619572661633514,0.3355954909626704,0.5806527240119079,79508,1.0,1.5,0.3897251194973047,0.11543491495014221,predicted_suppression,0.5
24,rap_plus_pathways,NCAPH,inhibit,1.0,differential_expression_effect,0.6304158464734002,2.0,0,,0.40940627470332364,0.11321054808698847,-0.29619572661633514,0.29619572661633514,0.3355954909626704,0.5806527240119079,79508,1.0,1.5,0.38187458990336676,0.11310962163274271,predicted_suppression,0.5
25,rap_plus_pathways,RND1,activate,-1.0,differential_expression_effect,0.625772321910648,2.0,0,,0.40940627470332364,0.11321054808698847,-0.29619572661633514,0.29619572661633514,0.3355954909626704,0.5806527240119079,79508,1.0,1.5,0.37955282762199066,0.11242192556678013,predicted_suppression,0.5
26,rap_plus_pathways,KIF20A,inhibit,1.0,differential_expression_effect,0.6085210341331331,2.0,0,,0.40940627470332364,0.11321054808698847,-0.29619572661633514,0.29619572661633514,0.3355954909626704,0.5806527240119079,79508,1.0,1.5,0.3709271837332332,0.10986704670761585,predicted_suppression,0.5
27,rap_plus_pathways,SYTL2,activate,-1.0,differential_expression_effect,0.607813155021956,2.0,0,,0.40940627470332364,0.11321054808698847,-0.29619572661633514,0.29619572661633514,0.3355954909626704,0.5806527240119079,79508,1.0,1.5,0.37057324417764465,0.10976221132377004,predicted_suppression,0.5
28,rap_plus_pathways,GPRC5A,activate,-1.0,differential_expression_effect,0.6065401780514027,2.0,0,,0.40940627470332364,0.11321054808698847,-0.29619572661633514,0.29619572661633514,0.3355954909626704,0.5806527240119079,79508,1.0,1.5,0.369936755692368,0.1095736861543906,predicted_suppression,0.5
29,rap_plus_pathways,ANXA1,activate,-1.0,differential_expression_effect,0.6065387251303759,2.0,0,,0.40940627470332364,0.11321054808698847,-0.29619572661633514,0.29619572661633514,0.3355954909626704,0.5806527240119079,79508,1.0,1.5,0.3699360292318546,0.10957347097989097,predicted_suppression,0.5
30,rap_plus_pathways,GAS2L3,inhibit,1.0,differential_expression_effect,0.6053413605080713,2.0,0,,0.40940627470332364,0.11321054808698847,-0.29619572661633514,0.29619572661633514,0.3355954909626704,0.5806527240119079,79508,1.0,1.5,0.3693373469207023,0.10939614383772688,predicted_suppression,0.5
31,rap_plus_pathways,MACC1,activate,-1.0,differential_expression_effect,0.5963635313460357,2.0,0,,0.40940627470332364,0.11321054808698847,-0.29619572661633514,0.29619572661633514,0.3355954909626704,0.5806527240119079,79508,1.0,1.5,0.3648484323396845,0.10806654652168364,predicted_suppression,0.5
32,rap_plus_pathways,IFI6,activate,-1.0,differential_expression_effect,0.8147518270098308,3.0,1,Interferon Alpha/Beta Signaling R-HSA-909733,0.40940627470332364,0.3536130566733685,-0.05579321802995506,0.05579321802995506,0.05767613612257516,0.11030400944560725,79508,1.0,1.5,0.6073759135049154,0.03388745676832287,predicted_suppression,0.5
33,rap_plus_pathways,ISG15,activate,-1.0,differential_expression_effect,0.6665757308663266,2.0,3,Interferon Alpha Response;Interferon Alpha/Beta Signaling R-HSA-909733;Interferon Gamma Response,0.40940627470332364,0.525069415846398,0.11566314114307434,-0.11566314114307434,-0.11108770717583105,-1.9408097896571425e-09,0,0.0,1.5,0.6999545320998299,-0.08095893983999719,predicted_worsening,0.5
34,rap_plus_pathways,IFI27,activate,-1.0,differential_expression_effect,0.6117934528541784,3.0,3,Interferon Alpha Response;Interferon Alpha/Beta Signaling R-HSA-909733;Interferon Gamma Response,0.40940627470332364,0.525069415846398,0.11566314114307434,-0.11566314114307434,-0.11108770717583105,-1.9408097896571425e-09,0,0.0,1.5,0.7058967264270891,-0.08164623270117054,predicted_worsening,0.5
35,rap_plus_pathways,UBE2C,inhibit,1.0,differential_expression_effect,0.6201602651399948,2.0,1,G2-M Checkpoint,0.40940627470332364,0.9905541950801565,0.5811479203768327,-0.5811479203768327,-0.5805677875013578,-1.9574752052393717e-05,0,0.0,1.5,0.476746799236664,-0.2770604109226987,predicted_worsening,0.5
36,rap_plus_pathways,KNL1,inhibit,1.0,differential_expression_effect,0.6242033036182136,2.0,1,G2-M Checkpoint,0.40940627470332364,0.9905541950801565,0.5811479203768327,-0.5811479203768327,-0.5805677875013578,-1.9574752052393717e-05,0,0.0,1.5,0.47876831847577345,-0.2782352126245089,predicted_worsening,0.5
37,rap_plus_pathways,PBK,inhibit,1.0,differential_expression_effect,0.6421132486951168,2.0,1,G2-M Checkpoint,0.40940627470332364,0.9905541950801565,0.5811479203768327,-0.5811479203768327,-0.5805677875013578,-1.9574752052393717e-05,0,0.0,1.5,0.487723291014225,-0.2834393762922616,predicted_worsening,0.5
38,rap_plus_pathways,CCNA2,inhibit,1.0,differential_expression_effect,0.6722182796119277,2.0,1,G2-M Checkpoint,0.40940627470332364,0.9905541950801565,0.5811479203768327,-0.5811479203768327,-0.5805677875013578,-1.9574752052393717e-05,0,0.0,1.5,0.5027758064726305,-0.29218711434735417,predicted_worsening,0.5
39,rap_plus_pathways,KIF11,inhibit,1.0,differential_expression_effect,0.6880991043016356,2.0,1,G2-M Checkpoint,0.40940627470332364,0.9905541950801565,0.5811479203768327,-0.5811479203768327,-0.5805677875013578,-1.9574752052393717e-05,0,0.0,1.5,0.5107162188174844,-0.2968016684685005,predicted_worsening,0.5
40,rap_plus_pathways,PRC1,inhibit,1.0,differential_expression_effect,0.6915602903572053,2.0,1,G2-M Checkpoint,0.40940627470332364,0.9905541950801565,0.5811479203768327,-0.5811479203768327,-0.5805677875013578,-1.9574752052393717e-05,0,0.0,1.5,0.5124468118452693,-0.2978073990076163,predicted_worsening,0.5
41,rap_plus_pathways,AURKB,inhibit,1.0,differential_expression_effect,0.6030594551555394,2.0,2,E2F Targets;G2-M Checkpoint,0.40940627470332364,0.934514342449339,0.5251080677460154,-0.5251080677460154,-0.5155344776890073,-7.355749338247123e-07,0,0.0,1.5,0.5681963942444364,-0.29836451068194914,predicted_worsening,0.5
42,rap_plus_pathways,CDC20,inhibit,1.0,differential_expression_effect,0.6363605104807625,2.0,2,E2F Targets;G2-M Checkpoint,0.40940627470332364,0.934514342449339,0.5251080677460154,-0.5251080677460154,-0.5155344776890073,-7.355749338247123e-07,0,0.0,1.5,0.5848469219070479,-0.30710783708981465,predicted_worsening,0.5
43,rap_plus_pathways,PLK1,inhibit,1.0,differential_expression_effect,0.6453224467779706,2.0,2,E2F Targets;G2-M Checkpoint,0.40940627470332364,0.934514342449339,0.5251080677460154,-0.5251080677460154,-0.5155344776890073,-7.355749338247123e-07,0,0.0,1.5,0.5893278900556519,-0.30946082961595955,predicted_worsening,0.5
44,rap_plus_pathways,E2F1,inhibit,1.0,transition_model_effect,0.6874416343554115,3.0,1,G2-M Checkpoint,0.40940627470332364,0.9905541950801565,0.5811479203768327,-0.5811479203768327,-0.5805677875013578,-1.9574752052393717e-05,0,0.0,1.5,0.5437208171777057,-0.31598222216841576,predicted_worsening,0.5
45,rap_plus_pathways,H2AZ1,inhibit,1.0,differential_expression_effect,0.6153880489342868,3.0,2,E2F Targets;G2-M Checkpoint,0.40940627470332364,0.934514342449339,0.5251080677460154,-0.5251080677460154,-0.5155344776890073,-7.355749338247123e-07,0,0.0,1.5,0.6076940244671434,-0.31910503496874143,predicted_worsening,0.5
46,rap_plus_pathways,CKS1B,inhibit,1.0,differential_expression_effect,0.6875863313758503,2.0,2,E2F Targets;G2-M Checkpoint,0.40940627470332364,0.934514342449339,0.5251080677460154,-0.5251080677460154,-0.5155344776890073,-7.355749338247123e-07,0,0.0,1.5,0.6104598323545918,-0.32055738300427616,predicted_worsening,0.5
47,rap_plus_pathways,LMNB1,inhibit,1.0,differential_expression_effect,0.6887235532582613,2.0,2,E2F Targets;G2-M Checkpoint,0.40940627470332364,0.934514342449339,0.5251080677460154,-0.5251080677460154,-0.5155344776890073,-7.355749338247123e-07,0,0.0,1.5,0.6110284432957973,-0.32085596519691184,predicted_worsening,0.5
48,rap_plus_pathways,CENPF,inhibit,1.0,differential_expression_effect,0.6703024014578206,4.0,1,G2-M Checkpoint,0.40940627470332364,0.9905541950801565,0.5811479203768327,-0.5811479203768327,-0.5805677875013578,-1.9574752052393717e-05,0,0.0,1.5,0.5684845340622436,-0.3303736047366656,predicted_worsening,0.5
49,rap_plus_pathways,MKI67,inhibit,1.0,differential_expression_effect,0.6708860019200854,4.0,2,E2F Targets;G2-M Checkpoint,0.40940627470332364,0.934514342449339,0.5251080677460154,-0.5251080677460154,-0.5155344776890073,-7.355749338247123e-07,0,0.0,1.5,0.668776334293376,-0.3511798486550579,predicted_worsening,0.5
50,rap_plus_pathways,TOP2A,inhibit,1.0,differential_expression_effect,0.7809166065664604,4.0,2,E2F Targets;G2-M Checkpoint,0.40940627470332364,0.934514342449339,0.5251080677460154,-0.5251080677460154,-0.5155344776890073,-7.355749338247123e-07,0,0.0,1.5,0.7237916366165635,-0.3800688277544498,predicted_worsening,0.5
